,RunId,iteration,Step,width,height,cow_num,robot_num,recruit_prob,memory_threshold,Manure
0,0,0,0,1101,501,3,1,0.5,10,1
1,0,0,1,1101,501,3,1,0.5,10,1
2,0,0,2,1101,501,3,1,0.5,10,1
3,0,0,3,1101,501,3,1,0.5,10,1
4,0,0,4,1101,501,3,1,0.5,10,1
5,0,0,5,1101,501,3,1,0.5,10,1
6,0,0,6,1101,501,3,1,0.5,10,1
7,0,0,7,1101,501,3,1,0.5,10,1
8,0,0,8,1101,501,3,1,0.5,10,1
9,0,0,9,1101,501,3,1,0.5,10,1
10,0,0,10,1101,501,3,1,0.5,10,1
11,0,0,11,1101,501,3,1,0.5,10,1
12,0,0,12,1101,501,3,1,0.5,10,1
13,0,0,13,1101,501,3,1,0.5,10,1
14,0,0,14,1101,501,3,1,0.5,10,1
15,0,0,15,1101,501,3,1,0.5,10,1
16,0,0,16,1101,501,3,1,0.5,10,1
17,0,0,17,1101,501,3,1,0.5,10,1
18,0,0,18,1101,501,3,1,0.5,10,1
19,0,0,19,1101,501,3,1,0.5,10,1
20,0,0,20,1101,501,3,1,0.5,10,1
21,0,0,21,1101,501,3,1,0.5,10,1
22,0,0,22,1101,501,3,1,0.5,10,1
23,0,0,23,1101,501,3,1,0.5,10,1
24,0,0,24,1101,501,3,1,0.5,10,1
25,0,0,25,1101,501,3,1,0.5,10,1
26,0,0,26,1101,501,3,1,0.5,10,1
27,0,0,27,1101,501,3,1,0.5,10,1
28,0,0,28,1101,501,3,1,0.5,10,1
29,0,0,29,1101,501,3,1,0.5,10,1
30,0,0,30,1101,501,3,1,0.5,10,1
31,0,0,31,1101,501,3,1,0.5,10,1
32,0,0,32,1101,501,3,1,0.5,10,1
33,0,0,33,1101,501,3,1,0.5,10,1
34,0,0,34,1101,501,3,1,0.5,10,1
35,0,0,35,1101,501,3,1,0.5,10,1
36,0,0,36,1101,501,3,1,0.5,10,1
37,0,0,37,1101,501,3,1,0.5,10,1
38,0,0,38,1101,501,3,1,0.5,10,1
39,0,0,39,1101,501,3,1,0.5,10,1
40,0,0,40,1101,501,3,1,0.5,10,1
41,0,0,41,1101,501,3,1,0.5,10,1
42,0,0,42,1101,501,3,1,0.5,10,1
43,0,0,43,1101,501,3,1,0.5,10,1
44,0,0,44,1101,501,3,1,0.5,10,1
45,0,0,45,1101,501,3,1,0.5,10,1
46,0,0,46,1101,501,3,1,0.5,10,1
47,0,0,47,1101,501,3,1,0.5,10,1
48,0,0,48,1101,501,3,1,0.5,10,1
49,0,0,49,1101,501,3,1,0.5,10,1
50,0,0,50,1101,501,3,1,0.5,10,1
51,0,0,51,1101,501,3,1,0.5,10,1
52,0,0,52,1101,501,3,1,0.5,10,1
53,0,0,53,1101,501,3,1,0.5,10,1
54,0,0,54,1101,501,3,1,0.5,10,1
55,0,0,55,1101,501,3,1,0.5,10,1
56,0,0,56,1101,501,3,1,0.5,10,1
57,0,0,57,1101,501,3,1,0.5,10,1
58,0,0,58,1101,501,3,1,0.5,10,1
59,0,0,59,1101,501,3,1,0.5,10,1
60,0,0,60,1101,501,3,1,0.5,10,1
61,0,0,61,1101,501,3,1,0.5,10,1
62,0,0,62,1101,501,3,1,0.5,10,1
63,0,0,63,1101,501,3,1,0.5,10,1
64,0,0,64,1101,501,3,1,0.5,10,1
65,0,0,65,1101,501,3,1,0.5,10,1
66,0,0,66,1101,501,3,1,0.5,10,1
67,0,0,67,1101,501,3,1,0.5,10,1
68,0,0,68,1101,501,3,1,0.5,10,1
69,0,0,69,1101,501,3,1,0.5,10,1
70,0,0,70,1101,501,3,1,0.5,10,1
71,0,0,71,1101,501,3,1,0.5,10,1
72,0,0,72,1101,501,3,1,0.5,10,1
73,0,0,73,1101,501,3,1,0.5,10,1
74,0,0,74,1101,501,3,1,0.5,10,1
75,0,0,75,1101,501,3,1,0.5,10,1
76,0,0,76,1101,501,3,1,0.5,10,1
77,0,0,77,1101,501,3,1,0.5,10,1
78,0,0,78,1101,501,3,1,0.5,10,1
79,0,0,79,1101,501,3,1,0.5,10,1
80,0,0,80,1101,501,3,1,0.5,10,1
81,0,0,81,1101,501,3,1,0.5,10,1
82,0,0,82,1101,501,3,1,0.5,10,1
83,0,0,83,1101,501,3,1,0.5,10,1
84,0,0,84,1101,501,3,1,0.5,10,1
85,0,0,85,1101,501,3,1,0.5,10,1
86,0,0,86,1101,501,3,1,0.5,10,1
87,0,0,87,1101,501,3,1,0.5,10,1
88,0,0,88,1101,501,3,1,0.5,10,1
89,0,0,89,1101,501,3,1,0.5,10,1
90,0,0,90,1101,501,3,1,0.5,10,1
91,0,0,91,1101,501,3,1,0.5,10,1
92,0,0,92,1101,501,3,1,0.5,10,1
93,0,0,93,1101,501,3,1,0.5,10,1
94,0,0,94,1101,501,3,1,0.5,10,1
95,0,0,95,1101,501,3,1,0.5,10,1
96,0,0,96,1101,501,3,1,0.5,10,1
97,0,0,97,1101,501,3,1,0.5,10,1
98,0,0,98,1101,501,3,1,0.5,10,1
99,0,0,99,1101,501,3,1,0.5,10,1
100,0,0,100,1101,501,3,1,0.5,10,1
101,0,0,101,1101,501,3,1,0.5,10,1
102,0,0,102,1101,501,3,1,0.5,10,1
103,0,0,103,1101,501,3,1,0.5,10,1
104,0,0,104,1101,501,3,1,0.5,10,1
105,0,0,105,1101,501,3,1,0.5,10,1
106,0,0,106,1101,501,3,1,0.5,10,1
107,0,0,107,1101,501,3,1,0.5,10,1
108,0,0,108,1101,501,3,1,0.5,10,1
109,0,0,109,1101,501,3,1,0.5,10,1
110,0,0,110,1101,501,3,1,0.5,10,1
111,0,0,111,1101,501,3,1,0.5,10,1
112,0,0,112,1101,501,3,1,0.5,10,1
113,0,0,113,1101,501,3,1,0.5,10,1
114,0,0,114,1101,501,3,1,0.5,10,1
115,0,0,115,1101,501,3,1,0.5,10,1
116,0,0,116,1101,501,3,1,0.5,10,1
117,0,0,117,1101,501,3,1,0.5,10,1
118,0,0,118,1101,501,3,1,0.5,10,1
119,0,0,119,1101,501,3,1,0.5,10,1
120,0,0,120,1101,501,3,1,0.5,10,1
121,0,0,121,1101,501,3,1,0.5,10,1
122,0,0,122,1101,501,3,1,0.5,10,1
123,0,0,123,1101,501,3,1,0.5,10,1
124,0,0,124,1101,501,3,1,0.5,10,1
125,0,0,125,1101,501,3,1,0.5,10,1
126,0,0,126,1101,501,3,1,0.5,10,1
127,0,0,127,1101,501,3,1,0.5,10,1
128,0,0,128,1101,501,3,1,0.5,10,1
129,0,0,129,1101,501,3,1,0.5,10,1
130,0,0,130,1101,501,3,1,0.5,10,1
131,0,0,131,1101,501,3,1,0.5,10,1
132,0,0,132,1101,501,3,1,0.5,10,1
133,0,0,133,1101,501,3,1,0.5,10,1
134,0,0,134,1101,501,3,1,0.5,10,1
135,0,0,135,1101,501,3,1,0.5,10,1
136,0,0,136,1101,501,3,1,0.5,10,1
137,0,0,137,1101,501,3,1,0.5,10,1
138,0,0,138,1101,501,3,1,0.5,10,1
139,0,0,139,1101,501,3,1,0.5,10,1
140,0,0,140,1101,501,3,1,0.5,10,1
141,0,0,141,1101,501,3,1,0.5,10,1
142,0,0,142,1101,501,3,1,0.5,10,1
143,0,0,143,1101,501,3,1,0.5,10,1
144,0,0,144,1101,501,3,1,0.5,10,1
145,0,0,145,1101,501,3,1,0.5,10,1
146,0,0,146,1101,501,3,1,0.5,10,1
147,0,0,147,1101,501,3,1,0.5,10,1
148,0,0,148,1101,501,3,1,0.5,10,1
149,0,0,149,1101,501,3,1,0.5,10,1
150,0,0,150,1101,501,3,1,0.5,10,1
151,0,0,151,1101,501,3,1,0.5,10,1
152,0,0,152,1101,501,3,1,0.5,10,1
153,0,0,153,1101,501,3,1,0.5,10,1
154,0,0,154,1101,501,3,1,0.5,10,1
155,0,0,155,1101,501,3,1,0.5,10,1
156,0,0,156,1101,501,3,1,0.5,10,1
157,0,0,157,1101,501,3,1,0.5,10,1
158,0,0,158,1101,501,3,1,0.5,10,1
159,0,0,159,1101,501,3,1,0.5,10,1
160,0,0,160,1101,501,3,1,0.5,10,1
161,0,0,161,1101,501,3,1,0.5,10,1
162,0,0,162,1101,501,3,1,0.5,10,1
163,0,0,163,1101,501,3,1,0.5,10,1
164,0,0,164,1101,501,3,1,0.5,10,1
165,0,0,165,1101,501,3,1,0.5,10,1
166,0,0,166,1101,501,3,1,0.5,10,1
167,0,0,167,1101,501,3,1,0.5,10,1
168,0,0,168,1101,501,3,1,0.5,10,1
169,0,0,169,1101,501,3,1,0.5,10,1
170,0,0,170,1101,501,3,1,0.5,10,1
171,0,0,171,1101,501,3,1,0.5,10,1
172,0,0,172,1101,501,3,1,0.5,10,1
173,0,0,173,1101,501,3,1,0.5,10,1
174,0,0,174,1101,501,3,1,0.5,10,1
175,0,0,175,1101,501,3,1,0.5,10,1
176,0,0,176,1101,501,3,1,0.5,10,1
177,0,0,177,1101,501,3,1,0.5,10,1
178,0,0,178,1101,501,3,1,0.5,10,1
179,0,0,179,1101,501,3,1,0.5,10,1
180,0,0,180,1101,501,3,1,0.5,10,1
181,0,0,181,1101,501,3,1,0.5,10,1
182,0,0,182,1101,501,3,1,0.5,10,1
183,0,0,183,1101,501,3,1,0.5,10,1
184,0,0,184,1101,501,3,1,0.5,10,1
185,0,0,185,1101,501,3,1,0.5,10,1
186,0,0,186,1101,501,3,1,0.5,10,1
187,0,0,187,1101,501,3,1,0.5,10,1
188,0,0,188,1101,501,3,1,0.5,10,1
189,0,0,189,1101,501,3,1,0.5,10,1
190,0,0,190,1101,501,3,1,0.5,10,1
191,0,0,191,1101,501,3,1,0.5,10,1
192,0,0,192,1101,501,3,1,0.5,10,1
193,0,0,193,1101,501,3,1,0.5,10,1
194,0,0,194,1101,501,3,1,0.5,10,1
195,0,0,195,1101,501,3,1,0.5,10,1
196,0,0,196,1101,501,3,1,0.5,10,1
197,0,0,197,1101,501,3,1,0.5,10,1
198,0,0,198,1101,501,3,1,0.5,10,1
199,0,0,199,1101,501,3,1,0.5,10,1
200,0,0,200,1101,501,3,1,0.5,10,1
201,0,0,201,1101,501,3,1,0.5,10,1
202,0,0,202,1101,501,3,1,0.5,10,1
203,0,0,203,1101,501,3,1,0.5,10,1
204,0,0,204,1101,501,3,1,0.5,10,1
205,0,0,205,1101,501,3,1,0.5,10,1
206,0,0,206,1101,501,3,1,0.5,10,1
207,0,0,207,1101,501,3,1,0.5,10,1
208,0,0,208,1101,501,3,1,0.5,10,1
209,0,0,209,1101,501,3,1,0.5,10,1
210,0,0,210,1101,501,3,1,0.5,10,1
211,0,0,211,1101,501,3,1,0.5,10,1
212,0,0,212,1101,501,3,1,0.5,10,1
213,0,0,213,1101,501,3,1,0.5,10,1
214,0,0,214,1101,501,3,1,0.5,10,1
215,0,0,215,1101,501,3,1,0.5,10,1
216,0,0,216,1101,501,3,1,0.5,10,1
217,0,0,217,1101,501,3,1,0.5,10,1
218,0,0,218,1101,501,3,1,0.5,10,1
219,0,0,219,1101,501,3,1,0.5,10,1
220,0,0,220,1101,501,3,1,0.5,10,1
221,0,0,221,1101,501,3,1,0.5,10,1
222,0,0,222,1101,501,3,1,0.5,10,1
223,0,0,223,1101,501,3,1,0.5,10,1
224,0,0,224,1101,501,3,1,0.5,10,1
225,0,0,225,1101,501,3,1,0.5,10,2
226,0,0,226,1101,501,3,1,0.5,10,2
227,0,0,227,1101,501,3,1,0.5,10,2
228,0,0,228,1101,501,3,1,0.5,10,2
229,0,0,229,1101,501,3,1,0.5,10,2
230,0,0,230,1101,501,3,1,0.5,10,2
231,0,0,231,1101,501,3,1,0.5,10,2
232,0,0,232,1101,501,3,1,0.5,10,2
233,0,0,233,1101,501,3,1,0.5,10,2
234,0,0,234,1101,501,3,1,0.5,10,2
235,0,0,235,1101,501,3,1,0.5,10,2
236,0,0,236,1101,501,3,1,0.5,10,2
237,0,0,237,1101,501,3,1,0.5,10,2
238,0,0,238,1101,501,3,1,0.5,10,2
239,0,0,239,1101,501,3,1,0.5,10,2
240,0,0,240,1101,501,3,1,0.5,10,2
241,0,0,241,1101,501,3,1,0.5,10,2
242,0,0,242,1101,501,3,1,0.5,10,2
243,0,0,243,1101,501,3,1,0.5,10,2
244,0,0,244,1101,501,3,1,0.5,10,2
245,0,0,245,1101,501,3,1,0.5,10,2
246,0,0,246,1101,501,3,1,0.5,10,2
247,0,0,247,1101,501,3,1,0.5,10,2
248,0,0,248,1101,501,3,1,0.5,10,2
249,0,0,249,1101,501,3,1,0.5,10,2
250,0,0,250,1101,501,3,1,0.5,10,2
251,0,0,251,1101,501,3,1,0.5,10,2
252,0,0,252,1101,501,3,1,0.5,10,2
253,0,0,253,1101,501,3,1,0.5,10,2
254,0,0,254,1101,501,3,1,0.5,10,2
255,0,0,255,1101,501,3,1,0.5,10,3
256,0,0,256,1101,501,3,1,0.5,10,3
257,0,0,257,1101,501,3,1,0.5,10,3
258,0,0,258,1101,501,3,1,0.5,10,3
259,0,0,259,1101,501,3,1,0.5,10,3
260,0,0,260,1101,501,3,1,0.5,10,3
261,0,0,261,1101,501,3,1,0.5,10,3
262,0,0,262,1101,501,3,1,0.5,10,3
263,0,0,263,1101,501,3,1,0.5,10,3
264,0,0,264,1101,501,3,1,0.5,10,3
265,0,0,265,1101,501,3,1,0.5,10,3
266,0,0,266,1101,501,3,1,0.5,10,3
267,0,0,267,1101,501,3,1,0.5,10,3
268,0,0,268,1101,501,3,1,0.5,10,3
269,0,0,269,1101,501,3,1,0.5,10,3
270,0,0,270,1101,501,3,1,0.5,10,3
271,0,0,271,1101,501,3,1,0.5,10,3
272,0,0,272,1101,501,3,1,0.5,10,3
273,0,0,273,1101,501,3,1,0.5,10,3
274,0,0,274,1101,501,3,1,0.5,10,3
275,0,0,275,1101,501,3,1,0.5,10,3
276,0,0,276,1101,501,3,1,0.5,10,3
277,0,0,277,1101,501,3,1,0.5,10,3
278,0,0,278,1101,501,3,1,0.5,10,3
279,0,0,279,1101,501,3,1,0.5,10,3
280,0,0,280,1101,501,3,1,0.5,10,3
281,0,0,281,1101,501,3,1,0.5,10,3
282,0,0,282,1101,501,3,1,0.5,10,3
283,0,0,283,1101,501,3,1,0.5,10,3
284,0,0,284,1101,501,3,1,0.5,10,3
285,0,0,285,1101,501,3,1,0.5,10,3
286,0,0,286,1101,501,3,1,0.5,10,3
287,0,0,287,1101,501,3,1,0.5,10,3
288,0,0,288,1101,501,3,1,0.5,10,3
289,0,0,289,1101,501,3,1,0.5,10,3
290,0,0,290,1101,501,3,1,0.5,10,3
291,0,0,291,1101,501,3,1,0.5,10,3
292,0,0,292,1101,501,3,1,0.5,10,3
293,0,0,293,1101,501,3,1,0.5,10,3
294,0,0,294,1101,501,3,1,0.5,10,3
295,0,0,295,1101,501,3,1,0.5,10,3
296,0,0,296,1101,501,3,1,0.5,10,3
297,0,0,297,1101,501,3,1,0.5,10,3
298,0,0,298,1101,501,3,1,0.5,10,3
299,0,0,299,1101,501,3,1,0.5,10,3
300,0,0,300,1101,501,3,1,0.5,10,3
301,0,0,301,1101,501,3,1,0.5,10,3
302,0,0,302,1101,501,3,1,0.5,10,3
303,0,0,303,1101,501,3,1,0.5,10,3
304,0,0,304,1101,501,3,1,0.5,10,3
305,0,0,305,1101,501,3,1,0.5,10,3
306,0,0,306,1101,501,3,1,0.5,10,3
307,0,0,307,1101,501,3,1,0.5,10,3
308,0,0,308,1101,501,3,1,0.5,10,3
309,0,0,309,1101,501,3,1,0.5,10,3
310,0,0,310,1101,501,3,1,0.5,10,3
311,0,0,311,1101,501,3,1,0.5,10,3
312,0,0,312,1101,501,3,1,0.5,10,3
313,0,0,313,1101,501,3,1,0.5,10,3
314,0,0,314,1101,501,3,1,0.5,10,3
315,0,0,315,1101,501,3,1,0.5,10,3
316,0,0,316,1101,501,3,1,0.5,10,3
317,0,0,317,1101,501,3,1,0.5,10,3
318,0,0,318,1101,501,3,1,0.5,10,3
319,0,0,319,1101,501,3,1,0.5,10,3
320,0,0,320,1101,501,3,1,0.5,10,3
321,0,0,321,1101,501,3,1,0.5,10,3
322,0,0,322,1101,501,3,1,0.5,10,3
323,0,0,323,1101,501,3,1,0.5,10,3
324,0,0,324,1101,501,3,1,0.5,10,3
325,0,0,325,1101,501,3,1,0.5,10,3
326,0,0,326,1101,501,3,1,0.5,10,3
327,0,0,327,1101,501,3,1,0.5,10,3
328,0,0,328,1101,501,3,1,0.5,10,3
329,0,0,329,1101,501,3,1,0.5,10,3
330,0,0,330,1101,501,3,1,0.5,10,3
331,0,0,331,1101,501,3,1,0.5,10,3
332,0,0,332,1101,501,3,1,0.5,10,3
333,0,0,333,1101,501,3,1,0.5,10,3
334,0,0,334,1101,501,3,1,0.5,10,3
335,0,0,335,1101,501,3,1,0.5,10,3
336,0,0,336,1101,501,3,1,0.5,10,3
337,0,0,337,1101,501,3,1,0.5,10,3
338,0,0,338,1101,501,3,1,0.5,10,3
339,0,0,339,1101,501,3,1,0.5,10,3
340,0,0,340,1101,501,3,1,0.5,10,3
341,0,0,341,1101,501,3,1,0.5,10,3
342,0,0,342,1101,501,3,1,0.5,10,3
343,0,0,343,1101,501,3,1,0.5,10,3
344,0,0,344,1101,501,3,1,0.5,10,3
345,0,0,345,1101,501,3,1,0.5,10,3
346,0,0,346,1101,501,3,1,0.5,10,3
347,0,0,347,1101,501,3,1,0.5,10,3
348,0,0,348,1101,501,3,1,0.5,10,3
349,0,0,349,1101,501,3,1,0.5,10,3
350,0,0,350,1101,501,3,1,0.5,10,3
351,0,0,351,1101,501,3,1,0.5,10,3
352,0,0,352,1101,501,3,1,0.5,10,3
353,0,0,353,1101,501,3,1,0.5,10,3
354,0,0,354,1101,501,3,1,0.5,10,3
355,0,0,355,1101,501,3,1,0.5,10,3
356,0,0,356,1101,501,3,1,0.5,10,3
357,0,0,357,1101,501,3,1,0.5,10,3
358,0,0,358,1101,501,3,1,0.5,10,3
359,0,0,359,1101,501,3,1,0.5,10,3
360,0,0,360,1101,501,3,1,0.5,10,3
361,0,0,361,1101,501,3,1,0.5,10,3
362,0,0,362,1101,501,3,1,0.5,10,3
363,0,0,363,1101,501,3,1,0.5,10,3
364,0,0,364,1101,501,3,1,0.5,10,3
365,0,0,365,1101,501,3,1,0.5,10,3
366,0,0,366,1101,501,3,1,0.5,10,3
367,0,0,367,1101,501,3,1,0.5,10,3
368,0,0,368,1101,501,3,1,0.5,10,3
369,0,0,369,1101,501,3,1,0.5,10,3
370,0,0,370,1101,501,3,1,0.5,10,3
371,0,0,371,1101,501,3,1,0.5,10,3
372,0,0,372,1101,501,3,1,0.5,10,3
373,0,0,373,1101,501,3,1,0.5,10,3
374,0,0,374,1101,501,3,1,0.5,10,3
375,0,0,375,1101,501,3,1,0.5,10,3
376,0,0,376,1101,501,3,1,0.5,10,3
377,0,0,377,1101,501,3,1,0.5,10,3
378,0,0,378,1101,501,3,1,0.5,10,3
379,0,0,379,1101,501,3,1,0.5,10,2
380,0,0,380,1101,501,3,1,0.5,10,2
381,0,0,381,1101,501,3,1,0.5,10,2
382,0,0,382,1101,501,3,1,0.5,10,3
383,0,0,383,1101,501,3,1,0.5,10,3
384,0,0,384,1101,501,3,1,0.5,10,3
385,0,0,385,1101,501,3,1,0.5,10,3
386,0,0,386,1101,501,3,1,0.5,10,4
387,0,0,387,1101,501,3,1,0.5,10,4
388,0,0,388,1101,501,3,1,0.5,10,4
389,0,0,389,1101,501,3,1,0.5,10,4
390,0,0,390,1101,501,3,1,0.5,10,4
391,0,0,391,1101,501,3,1,0.5,10,4
392,0,0,392,1101,501,3,1,0.5,10,4
393,0,0,393,1101,501,3,1,0.5,10,4
394,0,0,394,1101,501,3,1,0.5,10,4
395,0,0,395,1101,501,3,1,0.5,10,4
396,0,0,396,1101,501,3,1,0.5,10,4
397,0,0,397,1101,501,3,1,0.5,10,4
398,0,0,398,1101,501,3,1,0.5,10,4
399,0,0,399,1101,501,3,1,0.5,10,4
400,0,0,400,1101,501,3,1,0.5,10,4
401,0,0,401,1101,501,3,1,0.5,10,4
402,0,0,402,1101,501,3,1,0.5,10,4
403,0,0,403,1101,501,3,1,0.5,10,4
404,0,0,404,1101,501,3,1,0.5,10,4
405,0,0,405,1101,501,3,1,0.5,10,4
406,0,0,406,1101,501,3,1,0.5,10,4
407,0,0,407,1101,501,3,1,0.5,10,4
408,0,0,408,1101,501,3,1,0.5,10,4
409,0,0,409,1101,501,3,1,0.5,10,4
410,0,0,410,1101,501,3,1,0.5,10,4
411,0,0,411,1101,501,3,1,0.5,10,4
412,0,0,412,1101,501,3,1,0.5,10,4
413,0,0,413,1101,501,3,1,0.5,10,4
414,0,0,414,1101,501,3,1,0.5,10,4
415,0,0,415,1101,501,3,1,0.5,10,4
416,0,0,416,1101,501,3,1,0.5,10,4
417,0,0,417,1101,501,3,1,0.5,10,4
418,0,0,418,1101,501,3,1,0.5,10,4
419,0,0,419,1101,501,3,1,0.5,10,4
420,0,0,420,1101,501,3,1,0.5,10,4
421,0,0,421,1101,501,3,1,0.5,10,4
422,0,0,422,1101,501,3,1,0.5,10,4
423,0,0,423,1101,501,3,1,0.5,10,4
424,0,0,424,1101,501,3,1,0.5,10,4
425,0,0,425,1101,501,3,1,0.5,10,4
426,0,0,426,1101,501,3,1,0.5,10,4
427,0,0,427,1101,501,3,1,0.5,10,4
428,0,0,428,1101,501,3,1,0.5,10,4
429,0,0,429,1101,501,3,1,0.5,10,4
430,0,0,430,1101,501,3,1,0.5,10,4
431,0,0,431,1101,501,3,1,0.5,10,4
432,0,0,432,1101,501,3,1,0.5,10,4
433,0,0,433,1101,501,3,1,0.5,10,4
434,0,0,434,1101,501,3,1,0.5,10,4
435,0,0,435,1101,501,3,1,0.5,10,4
436,0,0,436,1101,501,3,1,0.5,10,4
437,0,0,437,1101,501,3,1,0.5,10,4
438,0,0,438,1101,501,3,1,0.5,10,4
439,0,0,439,1101,501,3,1,0.5,10,4
440,0,0,440,1101,501,3,1,0.5,10,4
441,0,0,441,1101,501,3,1,0.5,10,4
442,0,0,442,1101,501,3,1,0.5,10,4
443,0,0,443,1101,501,3,1,0.5,10,4
444,0,0,444,1101,501,3,1,0.5,10,4
445,0,0,445,1101,501,3,1,0.5,10,4
446,0,0,446,1101,501,3,1,0.5,10,4
447,0,0,447,1101,501,3,1,0.5,10,4
448,0,0,448,1101,501,3,1,0.5,10,4
449,0,0,449,1101,501,3,1,0.5,10,4
450,0,0,450,1101,501,3,1,0.5,10,4
451,0,0,451,1101,501,3,1,0.5,10,4
452,0,0,452,1101,501,3,1,0.5,10,4
453,0,0,453,1101,501,3,1,0.5,10,4
454,0,0,454,1101,501,3,1,0.5,10,4
455,0,0,455,1101,501,3,1,0.5,10,4
456,0,0,456,1101,501,3,1,0.5,10,4
457,0,0,457,1101,501,3,1,0.5,10,5
458,0,0,458,1101,501,3,1,0.5,10,5
459,0,0,459,1101,501,3,1,0.5,10,5
460,0,0,460,1101,501,3,1,0.5,10,5
461,0,0,461,1101,501,3,1,0.5,10,5
462,0,0,462,1101,501,3,1,0.5,10,6
463,0,0,463,1101,501,3,1,0.5,10,6
464,0,0,464,1101,501,3,1,0.5,10,6
465,0,0,465,1101,501,3,1,0.5,10,6
466,0,0,466,1101,501,3,1,0.5,10,6
467,0,0,467,1101,501,3,1,0.5,10,6
468,0,0,468,1101,501,3,1,0.5,10,6
469,0,0,469,1101,501,3,1,0.5,10,6
470,0,0,470,1101,501,3,1,0.5,10,6
471,0,0,471,1101,501,3,1,0.5,10,6
472,0,0,472,1101,501,3,1,0.5,10,6
473,0,0,473,1101,501,3,1,0.5,10,6
474,0,0,474,1101,501,3,1,0.5,10,6
475,0,0,475,1101,501,3,1,0.5,10,6
476,0,0,476,1101,501,3,1,0.5,10,6
477,0,0,477,1101,501,3,1,0.5,10,6
478,0,0,478,1101,501,3,1,0.5,10,6
479,0,0,479,1101,501,3,1,0.5,10,6
480,0,0,480,1101,501,3,1,0.5,10,6
481,0,0,481,1101,501,3,1,0.5,10,6
482,0,0,482,1101,501,3,1,0.5,10,6
483,0,0,483,1101,501,3,1,0.5,10,6
484,0,0,484,1101,501,3,1,0.5,10,6
485,0,0,485,1101,501,3,1,0.5,10,6
486,0,0,486,1101,501,3,1,0.5,10,6
487,0,0,487,1101,501,3,1,0.5,10,6
488,0,0,488,1101,501,3,1,0.5,10,6
489,0,0,489,1101,501,3,1,0.5,10,6
490,0,0,490,1101,501,3,1,0.5,10,6
491,0,0,491,1101,501,3,1,0.5,10,6
492,0,0,492,1101,501,3,1,0.5,10,6
493,0,0,493,1101,501,3,1,0.5,10,6
494,0,0,494,1101,501,3,1,0.5,10,6
495,0,0,495,1101,501,3,1,0.5,10,6
496,0,0,496,1101,501,3,1,0.5,10,6
497,0,0,497,1101,501,3,1,0.5,10,6
498,0,0,498,1101,501,3,1,0.5,10,6
499,0,0,499,1101,501,3,1,0.5,10,6
500,0,0,500,1101,501,3,1,0.5,10,6
501,0,0,501,1101,501,3,1,0.5,10,6
502,0,0,502,1101,501,3,1,0.5,10,6
503,0,0,503,1101,501,3,1,0.5,10,6
504,0,0,504,1101,501,3,1,0.5,10,6
505,0,0,505,1101,501,3,1,0.5,10,6
506,0,0,506,1101,501,3,1,0.5,10,6
507,0,0,507,1101,501,3,1,0.5,10,6
508,0,0,508,1101,501,3,1,0.5,10,6
509,0,0,509,1101,501,3,1,0.5,10,6
510,0,0,510,1101,501,3,1,0.5,10,6
511,0,0,511,1101,501,3,1,0.5,10,6
512,0,0,512,1101,501,3,1,0.5,10,6
513,0,0,513,1101,501,3,1,0.5,10,6
514,0,0,514,1101,501,3,1,0.5,10,6
515,0,0,515,1101,501,3,1,0.5,10,6
516,0,0,516,1101,501,3,1,0.5,10,6
517,0,0,517,1101,501,3,1,0.5,10,6
518,0,0,518,1101,501,3,1,0.5,10,6
519,0,0,519,1101,501,3,1,0.5,10,6
520,0,0,520,1101,501,3,1,0.5,10,6
521,0,0,521,1101,501,3,1,0.5,10,6
522,0,0,522,1101,501,3,1,0.5,10,6
523,0,0,523,1101,501,3,1,0.5,10,6
524,0,0,524,1101,501,3,1,0.5,10,6
525,0,0,525,1101,501,3,1,0.5,10,6
526,0,0,526,1101,501,3,1,0.5,10,6
527,0,0,527,1101,501,3,1,0.5,10,6
528,0,0,528,1101,501,3,1,0.5,10,6
529,0,0,529,1101,501,3,1,0.5,10,6
530,0,0,530,1101,501,3,1,0.5,10,6
531,0,0,531,1101,501,3,1,0.5,10,6
532,0,0,532,1101,501,3,1,0.5,10,6
533,0,0,533,1101,501,3,1,0.5,10,6
534,0,0,534,1101,501,3,1,0.5,10,6
535,0,0,535,1101,501,3,1,0.5,10,6
536,0,0,536,1101,501,3,1,0.5,10,6
537,0,0,537,1101,501,3,1,0.5,10,6
538,0,0,538,1101,501,3,1,0.5,10,6
539,0,0,539,1101,501,3,1,0.5,10,6
540,0,0,540,1101,501,3,1,0.5,10,6
541,0,0,541,1101,501,3,1,0.5,10,6
542,0,0,542,1101,501,3,1,0.5,10,6
543,0,0,543,1101,501,3,1,0.5,10,6
544,0,0,544,1101,501,3,1,0.5,10,6
545,0,0,545,1101,501,3,1,0.5,10,6
546,0,0,546,1101,501,3,1,0.5,10,6
547,0,0,547,1101,501,3,1,0.5,10,6
548,0,0,548,1101,501,3,1,0.5,10,6
549,0,0,549,1101,501,3,1,0.5,10,6
550,0,0,550,1101,501,3,1,0.5,10,6
551,0,0,551,1101,501,3,1,0.5,10,6
552,0,0,552,1101,501,3,1,0.5,10,6
553,0,0,553,1101,501,3,1,0.5,10,6
554,0,0,554,1101,501,3,1,0.5,10,6
555,0,0,555,1101,501,3,1,0.5,10,6
556,0,0,556,1101,501,3,1,0.5,10,6
557,0,0,557,1101,501,3,1,0.5,10,6
558,0,0,558,1101,501,3,1,0.5,10,6
559,0,0,559,1101,501,3,1,0.5,10,7
560,0,0,560,1101,501,3,1,0.5,10,7
561,0,0,561,1101,501,3,1,0.5,10,7
562,0,0,562,1101,501,3,1,0.5,10,7
563,0,0,563,1101,501,3,1,0.5,10,7
564,0,0,564,1101,501,3,1,0.5,10,7
565,0,0,565,1101,501,3,1,0.5,10,7
566,0,0,566,1101,501,3,1,0.5,10,7
567,0,0,567,1101,501,3,1,0.5,10,7
568,0,0,568,1101,501,3,1,0.5,10,7
569,0,0,569,1101,501,3,1,0.5,10,7
570,0,0,570,1101,501,3,1,0.5,10,7
571,0,0,571,1101,501,3,1,0.5,10,7
572,0,0,572,1101,501,3,1,0.5,10,7
573,0,0,573,1101,501,3,1,0.5,10,7
574,0,0,574,1101,501,3,1,0.5,10,7
575,0,0,575,1101,501,3,1,0.5,10,7
576,0,0,576,1101,501,3,1,0.5,10,7
577,0,0,577,1101,501,3,1,0.5,10,7
578,0,0,578,1101,501,3,1,0.5,10,7
579,0,0,579,1101,501,3,1,0.5,10,7
580,0,0,580,1101,501,3,1,0.5,10,7
581,0,0,581,1101,501,3,1,0.5,10,7
582,0,0,582,1101,501,3,1,0.5,10,7
583,0,0,583,1101,501,3,1,0.5,10,7
584,0,0,584,1101,501,3,1,0.5,10,7
585,0,0,585,1101,501,3,1,0.5,10,7
586,0,0,586,1101,501,3,1,0.5,10,7
587,0,0,587,1101,501,3,1,0.5,10,7
588,0,0,588,1101,501,3,1,0.5,10,7
589,0,0,589,1101,501,3,1,0.5,10,7
590,0,0,590,1101,501,3,1,0.5,10,7
591,0,0,591,1101,501,3,1,0.5,10,7
592,0,0,592,1101,501,3,1,0.5,10,7
593,0,0,593,1101,501,3,1,0.5,10,7
594,0,0,594,1101,501,3,1,0.5,10,7
595,0,0,595,1101,501,3,1,0.5,10,7
596,0,0,596,1101,501,3,1,0.5,10,7
597,0,0,597,1101,501,3,1,0.5,10,7
598,0,0,598,1101,501,3,1,0.5,10,7
599,0,0,599,1101,501,3,1,0.5,10,7
600,0,0,600,1101,501,3,1,0.5,10,7
601,0,0,601,1101,501,3,1,0.5,10,7
602,0,0,602,1101,501,3,1,0.5,10,8
603,0,0,603,1101,501,3,1,0.5,10,8
604,0,0,604,1101,501,3,1,0.5,10,8
605,0,0,605,1101,501,3,1,0.5,10,8
606,0,0,606,1101,501,3,1,0.5,10,8
607,0,0,607,1101,501,3,1,0.5,10,8
608,0,0,608,1101,501,3,1,0.5,10,8
609,0,0,609,1101,501,3,1,0.5,10,8
610,0,0,610,1101,501,3,1,0.5,10,8
611,0,0,611,1101,501,3,1,0.5,10,8
612,0,0,612,1101,501,3,1,0.5,10,8
613,0,0,613,1101,501,3,1,0.5,10,8
614,0,0,614,1101,501,3,1,0.5,10,8
615,0,0,615,1101,501,3,1,0.5,10,8
616,0,0,616,1101,501,3,1,0.5,10,8
617,0,0,617,1101,501,3,1,0.5,10,8
618,0,0,618,1101,501,3,1,0.5,10,8
619,0,0,619,1101,501,3,1,0.5,10,8
620,0,0,620,1101,501,3,1,0.5,10,8
621,0,0,621,1101,501,3,1,0.5,10,8
622,0,0,622,1101,501,3,1,0.5,10,8
623,0,0,623,1101,501,3,1,0.5,10,8
624,0,0,624,1101,501,3,1,0.5,10,8
625,0,0,625,1101,501,3,1,0.5,10,8
626,0,0,626,1101,501,3,1,0.5,10,8
627,0,0,627,1101,501,3,1,0.5,10,8
628,0,0,628,1101,501,3,1,0.5,10,8
629,0,0,629,1101,501,3,1,0.5,10,9
630,0,0,630,1101,501,3,1,0.5,10,9
631,0,0,631,1101,501,3,1,0.5,10,9
632,0,0,632,1101,501,3,1,0.5,10,9
633,0,0,633,1101,501,3,1,0.5,10,9
634,0,0,634,1101,501,3,1,0.5,10,9
635,0,0,635,1101,501,3,1,0.5,10,9
636,0,0,636,1101,501,3,1,0.5,10,9
637,0,0,637,1101,501,3,1,0.5,10,9
638,0,0,638,1101,501,3,1,0.5,10,9
639,0,0,639,1101,501,3,1,0.5,10,9
640,0,0,640,1101,501,3,1,0.5,10,9
641,0,0,641,1101,501,3,1,0.5,10,9
642,0,0,642,1101,501,3,1,0.5,10,9
643,0,0,643,1101,501,3,1,0.5,10,9
644,0,0,644,1101,501,3,1,0.5,10,9
645,0,0,645,1101,501,3,1,0.5,10,9
646,0,0,646,1101,501,3,1,0.5,10,9
647,0,0,647,1101,501,3,1,0.5,10,9
648,0,0,648,1101,501,3,1,0.5,10,9
649,0,0,649,1101,501,3,1,0.5,10,9
650,0,0,650,1101,501,3,1,0.5,10,9
651,0,0,651,1101,501,3,1,0.5,10,9
652,0,0,652,1101,501,3,1,0.5,10,9
653,0,0,653,1101,501,3,1,0.5,10,9
654,0,0,654,1101,501,3,1,0.5,10,9
655,0,0,655,1101,501,3,1,0.5,10,9
656,0,0,656,1101,501,3,1,0.5,10,9
657,0,0,657,1101,501,3,1,0.5,10,9
658,0,0,658,1101,501,3,1,0.5,10,9
659,0,0,659,1101,501,3,1,0.5,10,9
660,0,0,660,1101,501,3,1,0.5,10,9
661,0,0,661,1101,501,3,1,0.5,10,9
662,0,0,662,1101,501,3,1,0.5,10,9
663,0,0,663,1101,501,3,1,0.5,10,9
664,0,0,664,1101,501,3,1,0.5,10,9
665,0,0,665,1101,501,3,1,0.5,10,10
666,0,0,666,1101,501,3,1,0.5,10,10
667,0,0,667,1101,501,3,1,0.5,10,10
668,0,0,668,1101,501,3,1,0.5,10,10
669,0,0,669,1101,501,3,1,0.5,10,10
670,0,0,670,1101,501,3,1,0.5,10,10
671,0,0,671,1101,501,3,1,0.5,10,10
672,0,0,672,1101,501,3,1,0.5,10,10
673,0,0,673,1101,501,3,1,0.5,10,10
674,0,0,674,1101,501,3,1,0.5,10,10
675,0,0,675,1101,501,3,1,0.5,10,10
676,0,0,676,1101,501,3,1,0.5,10,9
677,0,0,677,1101,501,3,1,0.5,10,10
678,0,0,678,1101,501,3,1,0.5,10,10
679,0,0,679,1101,501,3,1,0.5,10,10
680,0,0,680,1101,501,3,1,0.5,10,10
681,0,0,681,1101,501,3,1,0.5,10,10
682,0,0,682,1101,501,3,1,0.5,10,10
683,0,0,683,1101,501,3,1,0.5,10,10
684,0,0,684,1101,501,3,1,0.5,10,10
685,0,0,685,1101,501,3,1,0.5,10,10
686,0,0,686,1101,501,3,1,0.5,10,10
687,0,0,687,1101,501,3,1,0.5,10,10
688,0,0,688,1101,501,3,1,0.5,10,10
689,0,0,689,1101,501,3,1,0.5,10,10
690,0,0,690,1101,501,3,1,0.5,10,10
691,0,0,691,1101,501,3,1,0.5,10,9
692,0,0,692,1101,501,3,1,0.5,10,9
693,0,0,693,1101,501,3,1,0.5,10,9
694,0,0,694,1101,501,3,1,0.5,10,9
695,0,0,695,1101,501,3,1,0.5,10,9
696,0,0,696,1101,501,3,1,0.5,10,9
697,0,0,697,1101,501,3,1,0.5,10,9
698,0,0,698,1101,501,3,1,0.5,10,9
699,0,0,699,1101,501,3,1,0.5,10,9
700,0,0,700,1101,501,3,1,0.5,10,9
701,0,0,701,1101,501,3,1,0.5,10,9
702,0,0,702,1101,501,3,1,0.5,10,9
703,0,0,703,1101,501,3,1,0.5,10,9
704,0,0,704,1101,501,3,1,0.5,10,9
705,0,0,705,1101,501,3,1,0.5,10,10
706,0,0,706,1101,501,3,1,0.5,10,10
707,0,0,707,1101,501,3,1,0.5,10,10
708,0,0,708,1101,501,3,1,0.5,10,10
709,0,0,709,1101,501,3,1,0.5,10,10
710,0,0,710,1101,501,3,1,0.5,10,10
711,0,0,711,1101,501,3,1,0.5,10,10
712,0,0,712,1101,501,3,1,0.5,10,10
713,0,0,713,1101,501,3,1,0.5,10,10
714,0,0,714,1101,501,3,1,0.5,10,10
715,0,0,715,1101,501,3,1,0.5,10,10
716,0,0,716,1101,501,3,1,0.5,10,10
717,0,0,717,1101,501,3,1,0.5,10,10
718,0,0,718,1101,501,3,1,0.5,10,10
719,0,0,719,1101,501,3,1,0.5,10,10
720,0,0,720,1101,501,3,1,0.5,10,10
721,0,0,721,1101,501,3,1,0.5,10,10
722,0,0,722,1101,501,3,1,0.5,10,10
723,0,0,723,1101,501,3,1,0.5,10,10
724,0,0,724,1101,501,3,1,0.5,10,10
725,0,0,725,1101,501,3,1,0.5,10,10
726,0,0,726,1101,501,3,1,0.5,10,10
727,0,0,727,1101,501,3,1,0.5,10,10
728,0,0,728,1101,501,3,1,0.5,10,10
729,0,0,729,1101,501,3,1,0.5,10,10
730,0,0,730,1101,501,3,1,0.5,10,10
731,0,0,731,1101,501,3,1,0.5,10,10
732,0,0,732,1101,501,3,1,0.5,10,10
733,0,0,733,1101,501,3,1,0.5,10,10
734,0,0,734,1101,501,3,1,0.5,10,10
735,0,0,735,1101,501,3,1,0.5,10,10
736,0,0,736,1101,501,3,1,0.5,10,10
737,0,0,737,1101,501,3,1,0.5,10,10
738,0,0,738,1101,501,3,1,0.5,10,10
739,0,0,739,1101,501,3,1,0.5,10,10
740,0,0,740,1101,501,3,1,0.5,10,10
741,0,0,741,1101,501,3,1,0.5,10,10
742,0,0,742,1101,501,3,1,0.5,10,10
743,0,0,743,1101,501,3,1,0.5,10,10
744,0,0,744,1101,501,3,1,0.5,10,10
745,0,0,745,1101,501,3,1,0.5,10,10
746,0,0,746,1101,501,3,1,0.5,10,10
747,0,0,747,1101,501,3,1,0.5,10,10
748,0,0,748,1101,501,3,1,0.5,10,10
749,0,0,749,1101,501,3,1,0.5,10,10
750,0,0,750,1101,501,3,1,0.5,10,10
751,0,0,751,1101,501,3,1,0.5,10,10
752,0,0,752,1101,501,3,1,0.5,10,10
753,0,0,753,1101,501,3,1,0.5,10,10
754,0,0,754,1101,501,3,1,0.5,10,10
755,0,0,755,1101,501,3,1,0.5,10,10
756,0,0,756,1101,501,3,1,0.5,10,10
757,0,0,757,1101,501,3,1,0.5,10,10
758,0,0,758,1101,501,3,1,0.5,10,10
759,0,0,759,1101,501,3,1,0.5,10,10
760,0,0,760,1101,501,3,1,0.5,10,10
761,0,0,761,1101,501,3,1,0.5,10,10
762,0,0,762,1101,501,3,1,0.5,10,10
763,0,0,763,1101,501,3,1,0.5,10,10
764,0,0,764,1101,501,3,1,0.5,10,10
765,0,0,765,1101,501,3,1,0.5,10,10
766,0,0,766,1101,501,3,1,0.5,10,10
767,0,0,767,1101,501,3,1,0.5,10,10
768,0,0,768,1101,501,3,1,0.5,10,10
769,0,0,769,1101,501,3,1,0.5,10,10
770,0,0,770,1101,501,3,1,0.5,10,10
771,0,0,771,1101,501,3,1,0.5,10,10
772,0,0,772,1101,501,3,1,0.5,10,10
773,0,0,773,1101,501,3,1,0.5,10,10
774,0,0,774,1101,501,3,1,0.5,10,10
775,0,0,775,1101,501,3,1,0.5,10,10
776,0,0,776,1101,501,3,1,0.5,10,10
777,0,0,777,1101,501,3,1,0.5,10,10
778,0,0,778,1101,501,3,1,0.5,10,10
779,0,0,779,1101,501,3,1,0.5,10,10
780,0,0,780,1101,501,3,1,0.5,10,10
781,0,0,781,1101,501,3,1,0.5,10,10
782,0,0,782,1101,501,3,1,0.5,10,10
783,0,0,783,1101,501,3,1,0.5,10,10
784,0,0,784,1101,501,3,1,0.5,10,10
785,0,0,785,1101,501,3,1,0.5,10,10
786,0,0,786,1101,501,3,1,0.5,10,10
787,0,0,787,1101,501,3,1,0.5,10,10
788,0,0,788,1101,501,3,1,0.5,10,10
789,0,0,789,1101,501,3,1,0.5,10,10
790,0,0,790,1101,501,3,1,0.5,10,10
791,0,0,791,1101,501,3,1,0.5,10,10
792,0,0,792,1101,501,3,1,0.5,10,10
793,0,0,793,1101,501,3,1,0.5,10,10
794,0,0,794,1101,501,3,1,0.5,10,10
795,0,0,795,1101,501,3,1,0.5,10,10
796,0,0,796,1101,501,3,1,0.5,10,10
797,0,0,797,1101,501,3,1,0.5,10,10
798,0,0,798,1101,501,3,1,0.5,10,10
799,0,0,799,1101,501,3,1,0.5,10,11
800,0,0,800,1101,501,3,1,0.5,10,11
801,0,0,801,1101,501,3,1,0.5,10,11
802,0,0,802,1101,501,3,1,0.5,10,11
803,0,0,803,1101,501,3,1,0.5,10,11
804,0,0,804,1101,501,3,1,0.5,10,11
805,0,0,805,1101,501,3,1,0.5,10,11
806,0,0,806,1101,501,3,1,0.5,10,11
807,0,0,807,1101,501,3,1,0.5,10,11
808,0,0,808,1101,501,3,1,0.5,10,11
809,0,0,809,1101,501,3,1,0.5,10,11
810,0,0,810,1101,501,3,1,0.5,10,11
811,0,0,811,1101,501,3,1,0.5,10,11
812,0,0,812,1101,501,3,1,0.5,10,11
813,0,0,813,1101,501,3,1,0.5,10,11
814,0,0,814,1101,501,3,1,0.5,10,11
815,0,0,815,1101,501,3,1,0.5,10,11
816,0,0,816,1101,501,3,1,0.5,10,11
817,0,0,817,1101,501,3,1,0.5,10,11
818,0,0,818,1101,501,3,1,0.5,10,11
819,0,0,819,1101,501,3,1,0.5,10,11
820,0,0,820,1101,501,3,1,0.5,10,11
821,0,0,821,1101,501,3,1,0.5,10,11
822,0,0,822,1101,501,3,1,0.5,10,11
823,0,0,823,1101,501,3,1,0.5,10,11
824,0,0,824,1101,501,3,1,0.5,10,11
825,0,0,825,1101,501,3,1,0.5,10,11
826,0,0,826,1101,501,3,1,0.5,10,11
827,0,0,827,1101,501,3,1,0.5,10,11
828,0,0,828,1101,501,3,1,0.5,10,11
829,0,0,829,1101,501,3,1,0.5,10,11
830,0,0,830,1101,501,3,1,0.5,10,12
831,0,0,831,1101,501,3,1,0.5,10,12
832,0,0,832,1101,501,3,1,0.5,10,12
833,0,0,833,1101,501,3,1,0.5,10,12
834,0,0,834,1101,501,3,1,0.5,10,12
835,0,0,835,1101,501,3,1,0.5,10,12
836,0,0,836,1101,501,3,1,0.5,10,12
837,0,0,837,1101,501,3,1,0.5,10,12
838,0,0,838,1101,501,3,1,0.5,10,12
839,0,0,839,1101,501,3,1,0.5,10,12
840,0,0,840,1101,501,3,1,0.5,10,12
841,0,0,841,1101,501,3,1,0.5,10,12
842,0,0,842,1101,501,3,1,0.5,10,12
843,0,0,843,1101,501,3,1,0.5,10,12
844,0,0,844,1101,501,3,1,0.5,10,12
845,0,0,845,1101,501,3,1,0.5,10,12
846,0,0,846,1101,501,3,1,0.5,10,12
847,0,0,847,1101,501,3,1,0.5,10,12
848,0,0,848,1101,501,3,1,0.5,10,12
849,0,0,849,1101,501,3,1,0.5,10,12
850,0,0,850,1101,501,3,1,0.5,10,13
851,0,0,851,1101,501,3,1,0.5,10,13
852,0,0,852,1101,501,3,1,0.5,10,13
853,0,0,853,1101,501,3,1,0.5,10,13
854,0,0,854,1101,501,3,1,0.5,10,13
855,0,0,855,1101,501,3,1,0.5,10,13
856,0,0,856,1101,501,3,1,0.5,10,13
857,0,0,857,1101,501,3,1,0.5,10,13
858,0,0,858,1101,501,3,1,0.5,10,13
859,0,0,859,1101,501,3,1,0.5,10,13
860,0,0,860,1101,501,3,1,0.5,10,13
861,0,0,861,1101,501,3,1,0.5,10,13
862,0,0,862,1101,501,3,1,0.5,10,13
863,0,0,863,1101,501,3,1,0.5,10,13
864,0,0,864,1101,501,3,1,0.5,10,13
865,0,0,865,1101,501,3,1,0.5,10,13
866,0,0,866,1101,501,3,1,0.5,10,13
867,0,0,867,1101,501,3,1,0.5,10,13
868,0,0,868,1101,501,3,1,0.5,10,13
869,0,0,869,1101,501,3,1,0.5,10,13
870,0,0,870,1101,501,3,1,0.5,10,13
871,0,0,871,1101,501,3,1,0.5,10,13
872,0,0,872,1101,501,3,1,0.5,10,13
873,0,0,873,1101,501,3,1,0.5,10,13
874,0,0,874,1101,501,3,1,0.5,10,13
875,0,0,875,1101,501,3,1,0.5,10,13
876,0,0,876,1101,501,3,1,0.5,10,13
877,0,0,877,1101,501,3,1,0.5,10,13
878,0,0,878,1101,501,3,1,0.5,10,13
879,0,0,879,1101,501,3,1,0.5,10,13
880,0,0,880,1101,501,3,1,0.5,10,13
881,0,0,881,1101,501,3,1,0.5,10,13
882,0,0,882,1101,501,3,1,0.5,10,13
883,0,0,883,1101,501,3,1,0.5,10,13
884,0,0,884,1101,501,3,1,0.5,10,13
885,0,0,885,1101,501,3,1,0.5,10,13
886,0,0,886,1101,501,3,1,0.5,10,13
887,0,0,887,1101,501,3,1,0.5,10,13
888,0,0,888,1101,501,3,1,0.5,10,13
889,0,0,889,1101,501,3,1,0.5,10,13
890,0,0,890,1101,501,3,1,0.5,10,13
891,0,0,891,1101,501,3,1,0.5,10,13
892,0,0,892,1101,501,3,1,0.5,10,13
893,0,0,893,1101,501,3,1,0.5,10,13
894,0,0,894,1101,501,3,1,0.5,10,13
895,0,0,895,1101,501,3,1,0.5,10,13
896,0,0,896,1101,501,3,1,0.5,10,13
897,0,0,897,1101,501,3,1,0.5,10,13
898,0,0,898,1101,501,3,1,0.5,10,13
899,0,0,899,1101,501,3,1,0.5,10,13
900,0,0,900,1101,501,3,1,0.5,10,13
901,0,0,901,1101,501,3,1,0.5,10,13
902,0,0,902,1101,501,3,1,0.5,10,13
903,0,0,903,1101,501,3,1,0.5,10,13
904,0,0,904,1101,501,3,1,0.5,10,13
905,0,0,905,1101,501,3,1,0.5,10,13
906,0,0,906,1101,501,3,1,0.5,10,13
907,0,0,907,1101,501,3,1,0.5,10,13
908,0,0,908,1101,501,3,1,0.5,10,13
909,0,0,909,1101,501,3,1,0.5,10,13
910,0,0,910,1101,501,3,1,0.5,10,13
911,0,0,911,1101,501,3,1,0.5,10,13
912,0,0,912,1101,501,3,1,0.5,10,13
913,0,0,913,1101,501,3,1,0.5,10,13
914,0,0,914,1101,501,3,1,0.5,10,13
915,0,0,915,1101,501,3,1,0.5,10,14
916,0,0,916,1101,501,3,1,0.5,10,14
917,0,0,917,1101,501,3,1,0.5,10,14
918,0,0,918,1101,501,3,1,0.5,10,14
919,0,0,919,1101,501,3,1,0.5,10,14
920,0,0,920,1101,501,3,1,0.5,10,14
921,0,0,921,1101,501,3,1,0.5,10,14
922,0,0,922,1101,501,3,1,0.5,10,14
923,0,0,923,1101,501,3,1,0.5,10,14
924,0,0,924,1101,501,3,1,0.5,10,14
925,0,0,925,1101,501,3,1,0.5,10,14
926,0,0,926,1101,501,3,1,0.5,10,14
927,0,0,927,1101,501,3,1,0.5,10,14
928,0,0,928,1101,501,3,1,0.5,10,14
929,0,0,929,1101,501,3,1,0.5,10,14
930,0,0,930,1101,501,3,1,0.5,10,14
931,0,0,931,1101,501,3,1,0.5,10,14
932,0,0,932,1101,501,3,1,0.5,10,14
933,0,0,933,1101,501,3,1,0.5,10,14
934,0,0,934,1101,501,3,1,0.5,10,14
935,0,0,935,1101,501,3,1,0.5,10,14
936,0,0,936,1101,501,3,1,0.5,10,14
937,0,0,937,1101,501,3,1,0.5,10,14
938,0,0,938,1101,501,3,1,0.5,10,14
939,0,0,939,1101,501,3,1,0.5,10,14
940,0,0,940,1101,501,3,1,0.5,10,14
941,0,0,941,1101,501,3,1,0.5,10,14
942,0,0,942,1101,501,3,1,0.5,10,14
943,0,0,943,1101,501,3,1,0.5,10,14
944,0,0,944,1101,501,3,1,0.5,10,14
945,0,0,945,1101,501,3,1,0.5,10,14
946,0,0,946,1101,501,3,1,0.5,10,14
947,0,0,947,1101,501,3,1,0.5,10,14
948,0,0,948,1101,501,3,1,0.5,10,14
949,0,0,949,1101,501,3,1,0.5,10,14
950,0,0,950,1101,501,3,1,0.5,10,14
951,0,0,951,1101,501,3,1,0.5,10,14
952,0,0,952,1101,501,3,1,0.5,10,14
953,0,0,953,1101,501,3,1,0.5,10,14
954,0,0,954,1101,501,3,1,0.5,10,14
955,0,0,955,1101,501,3,1,0.5,10,14
956,0,0,956,1101,501,3,1,0.5,10,14
957,0,0,957,1101,501,3,1,0.5,10,14
958,0,0,958,1101,501,3,1,0.5,10,14
959,0,0,959,1101,501,3,1,0.5,10,14
960,0,0,960,1101,501,3,1,0.5,10,15
961,0,0,961,1101,501,3,1,0.5,10,15
962,0,0,962,1101,501,3,1,0.5,10,15
963,0,0,963,1101,501,3,1,0.5,10,15
964,0,0,964,1101,501,3,1,0.5,10,15
965,0,0,965,1101,501,3,1,0.5,10,15
966,0,0,966,1101,501,3,1,0.5,10,15
967,0,0,967,1101,501,3,1,0.5,10,15
968,0,0,968,1101,501,3,1,0.5,10,15
969,0,0,969,1101,501,3,1,0.5,10,15
970,0,0,970,1101,501,3,1,0.5,10,15
971,0,0,971,1101,501,3,1,0.5,10,15
972,0,0,972,1101,501,3,1,0.5,10,15
973,0,0,973,1101,501,3,1,0.5,10,15
974,0,0,974,1101,501,3,1,0.5,10,15
975,0,0,975,1101,501,3,1,0.5,10,15
976,0,0,976,1101,501,3,1,0.5,10,15
977,0,0,977,1101,501,3,1,0.5,10,15
978,0,0,978,1101,501,3,1,0.5,10,15
979,0,0,979,1101,501,3,1,0.5,10,15
980,0,0,980,1101,501,3,1,0.5,10,15
981,0,0,981,1101,501,3,1,0.5,10,15
982,0,0,982,1101,501,3,1,0.5,10,15
983,0,0,983,1101,501,3,1,0.5,10,15
984,0,0,984,1101,501,3,1,0.5,10,15
985,0,0,985,1101,501,3,1,0.5,10,15
986,0,0,986,1101,501,3,1,0.5,10,15
987,0,0,987,1101,501,3,1,0.5,10,15
988,0,0,988,1101,501,3,1,0.5,10,15
989,0,0,989,1101,501,3,1,0.5,10,15
990,0,0,990,1101,501,3,1,0.5,10,15
991,0,0,991,1101,501,3,1,0.5,10,15
992,0,0,992,1101,501,3,1,0.5,10,15
993,0,0,993,1101,501,3,1,0.5,10,15
994,0,0,994,1101,501,3,1,0.5,10,15
995,0,0,995,1101,501,3,1,0.5,10,15
996,0,0,996,1101,501,3,1,0.5,10,15
997,0,0,997,1101,501,3,1,0.5,10,15
998,0,0,998,1101,501,3,1,0.5,10,15
999,0,0,999,1101,501,3,1,0.5,10,15
1000,0,0,1000,1101,501,3,1,0.5,10,15
1001,1,0,0,1101,501,3,2,0.5,10,1
1002,1,0,1,1101,501,3,2,0.5,10,1
1003,1,0,2,1101,501,3,2,0.5,10,1
1004,1,0,3,1101,501,3,2,0.5,10,1
1005,1,0,4,1101,501,3,2,0.5,10,1
1006,1,0,5,1101,501,3,2,0.5,10,1
1007,1,0,6,1101,501,3,2,0.5,10,1
1008,1,0,7,1101,501,3,2,0.5,10,1
1009,1,0,8,1101,501,3,2,0.5,10,1
1010,1,0,9,1101,501,3,2,0.5,10,1
1011,1,0,10,1101,501,3,2,0.5,10,1
1012,1,0,11,1101,501,3,2,0.5,10,1
1013,1,0,12,1101,501,3,2,0.5,10,1
1014,1,0,13,1101,501,3,2,0.5,10,1
1015,1,0,14,1101,501,3,2,0.5,10,1
1016,1,0,15,1101,501,3,2,0.5,10,1
1017,1,0,16,1101,501,3,2,0.5,10,1
1018,1,0,17,1101,501,3,2,0.5,10,1
1019,1,0,18,1101,501,3,2,0.5,10,1
1020,1,0,19,1101,501,3,2,0.5,10,1
1021,1,0,20,1101,501,3,2,0.5,10,1
1022,1,0,21,1101,501,3,2,0.5,10,1
1023,1,0,22,1101,501,3,2,0.5,10,1
1024,1,0,23,1101,501,3,2,0.5,10,1
1025,1,0,24,1101,501,3,2,0.5,10,1
1026,1,0,25,1101,501,3,2,0.5,10,1
1027,1,0,26,1101,501,3,2,0.5,10,1
1028,1,0,27,1101,501,3,2,0.5,10,1
1029,1,0,28,1101,501,3,2,0.5,10,1
1030,1,0,29,1101,501,3,2,0.5,10,1
1031,1,0,30,1101,501,3,2,0.5,10,1
1032,1,0,31,1101,501,3,2,0.5,10,1
1033,1,0,32,1101,501,3,2,0.5,10,1
1034,1,0,33,1101,501,3,2,0.5,10,1
1035,1,0,34,1101,501,3,2,0.5,10,1
1036,1,0,35,1101,501,3,2,0.5,10,1
1037,1,0,36,1101,501,3,2,0.5,10,1
1038,1,0,37,1101,501,3,2,0.5,10,1
1039,1,0,38,1101,501,3,2,0.5,10,1
1040,1,0,39,1101,501,3,2,0.5,10,1
1041,1,0,40,1101,501,3,2,0.5,10,1
1042,1,0,41,1101,501,3,2,0.5,10,1
1043,1,0,42,1101,501,3,2,0.5,10,1
1044,1,0,43,1101,501,3,2,0.5,10,1
1045,1,0,44,1101,501,3,2,0.5,10,1
1046,1,0,45,1101,501,3,2,0.5,10,1
1047,1,0,46,1101,501,3,2,0.5,10,1
1048,1,0,47,1101,501,3,2,0.5,10,1
1049,1,0,48,1101,501,3,2,0.5,10,1
1050,1,0,49,1101,501,3,2,0.5,10,1
1051,1,0,50,1101,501,3,2,0.5,10,1
1052,1,0,51,1101,501,3,2,0.5,10,1
1053,1,0,52,1101,501,3,2,0.5,10,1
1054,1,0,53,1101,501,3,2,0.5,10,1
1055,1,0,54,1101,501,3,2,0.5,10,1
1056,1,0,55,1101,501,3,2,0.5,10,1
1057,1,0,56,1101,501,3,2,0.5,10,1
1058,1,0,57,1101,501,3,2,0.5,10,1
1059,1,0,58,1101,501,3,2,0.5,10,1
1060,1,0,59,1101,501,3,2,0.5,10,1
1061,1,0,60,1101,501,3,2,0.5,10,1
1062,1,0,61,1101,501,3,2,0.5,10,1
1063,1,0,62,1101,501,3,2,0.5,10,1
1064,1,0,63,1101,501,3,2,0.5,10,1
1065,1,0,64,1101,501,3,2,0.5,10,1
1066,1,0,65,1101,501,3,2,0.5,10,1
1067,1,0,66,1101,501,3,2,0.5,10,1
1068,1,0,67,1101,501,3,2,0.5,10,1
1069,1,0,68,1101,501,3,2,0.5,10,1
1070,1,0,69,1101,501,3,2,0.5,10,1
1071,1,0,70,1101,501,3,2,0.5,10,1
1072,1,0,71,1101,501,3,2,0.5,10,1
1073,1,0,72,1101,501,3,2,0.5,10,1
1074,1,0,73,1101,501,3,2,0.5,10,1
1075,1,0,74,1101,501,3,2,0.5,10,1
1076,1,0,75,1101,501,3,2,0.5,10,1
1077,1,0,76,1101,501,3,2,0.5,10,1
1078,1,0,77,1101,501,3,2,0.5,10,1
1079,1,0,78,1101,501,3,2,0.5,10,1
1080,1,0,79,1101,501,3,2,0.5,10,1
1081,1,0,80,1101,501,3,2,0.5,10,1
1082,1,0,81,1101,501,3,2,0.5,10,1
1083,1,0,82,1101,501,3,2,0.5,10,1
1084,1,0,83,1101,501,3,2,0.5,10,1
1085,1,0,84,1101,501,3,2,0.5,10,1
1086,1,0,85,1101,501,3,2,0.5,10,1
1087,1,0,86,1101,501,3,2,0.5,10,1
1088,1,0,87,1101,501,3,2,0.5,10,1
1089,1,0,88,1101,501,3,2,0.5,10,1
1090,1,0,89,1101,501,3,2,0.5,10,1
1091,1,0,90,1101,501,3,2,0.5,10,1
1092,1,0,91,1101,501,3,2,0.5,10,1
1093,1,0,92,1101,501,3,2,0.5,10,1
1094,1,0,93,1101,501,3,2,0.5,10,1
1095,1,0,94,1101,501,3,2,0.5,10,1
1096,1,0,95,1101,501,3,2,0.5,10,1
1097,1,0,96,1101,501,3,2,0.5,10,1
1098,1,0,97,1101,501,3,2,0.5,10,1
1099,1,0,98,1101,501,3,2,0.5,10,1
1100,1,0,99,1101,501,3,2,0.5,10,1
1101,1,0,100,1101,501,3,2,0.5,10,1
1102,1,0,101,1101,501,3,2,0.5,10,1
1103,1,0,102,1101,501,3,2,0.5,10,1
1104,1,0,103,1101,501,3,2,0.5,10,1
1105,1,0,104,1101,501,3,2,0.5,10,1
1106,1,0,105,1101,501,3,2,0.5,10,1
1107,1,0,106,1101,501,3,2,0.5,10,1
1108,1,0,107,1101,501,3,2,0.5,10,1
1109,1,0,108,1101,501,3,2,0.5,10,1
1110,1,0,109,1101,501,3,2,0.5,10,1
1111,1,0,110,1101,501,3,2,0.5,10,1
1112,1,0,111,1101,501,3,2,0.5,10,1
1113,1,0,112,1101,501,3,2,0.5,10,1
1114,1,0,113,1101,501,3,2,0.5,10,1
1115,1,0,114,1101,501,3,2,0.5,10,1
1116,1,0,115,1101,501,3,2,0.5,10,1
1117,1,0,116,1101,501,3,2,0.5,10,1
1118,1,0,117,1101,501,3,2,0.5,10,1
1119,1,0,118,1101,501,3,2,0.5,10,1
1120,1,0,119,1101,501,3,2,0.5,10,1
1121,1,0,120,1101,501,3,2,0.5,10,1
1122,1,0,121,1101,501,3,2,0.5,10,1
1123,1,0,122,1101,501,3,2,0.5,10,1
1124,1,0,123,1101,501,3,2,0.5,10,1
1125,1,0,124,1101,501,3,2,0.5,10,1
1126,1,0,125,1101,501,3,2,0.5,10,1
1127,1,0,126,1101,501,3,2,0.5,10,1
1128,1,0,127,1101,501,3,2,0.5,10,1
1129,1,0,128,1101,501,3,2,0.5,10,1
1130,1,0,129,1101,501,3,2,0.5,10,1
1131,1,0,130,1101,501,3,2,0.5,10,1
1132,1,0,131,1101,501,3,2,0.5,10,1
1133,1,0,132,1101,501,3,2,0.5,10,1
1134,1,0,133,1101,501,3,2,0.5,10,1
1135,1,0,134,1101,501,3,2,0.5,10,1
1136,1,0,135,1101,501,3,2,0.5,10,1
1137,1,0,136,1101,501,3,2,0.5,10,1
1138,1,0,137,1101,501,3,2,0.5,10,1
1139,1,0,138,1101,501,3,2,0.5,10,1
1140,1,0,139,1101,501,3,2,0.5,10,1
1141,1,0,140,1101,501,3,2,0.5,10,1
1142,1,0,141,1101,501,3,2,0.5,10,1
1143,1,0,142,1101,501,3,2,0.5,10,1
1144,1,0,143,1101,501,3,2,0.5,10,1
1145,1,0,144,1101,501,3,2,0.5,10,1
1146,1,0,145,1101,501,3,2,0.5,10,1
1147,1,0,146,1101,501,3,2,0.5,10,1
1148,1,0,147,1101,501,3,2,0.5,10,1
1149,1,0,148,1101,501,3,2,0.5,10,1
1150,1,0,149,1101,501,3,2,0.5,10,1
1151,1,0,150,1101,501,3,2,0.5,10,1
1152,1,0,151,1101,501,3,2,0.5,10,1
1153,1,0,152,1101,501,3,2,0.5,10,1
1154,1,0,153,1101,501,3,2,0.5,10,1
1155,1,0,154,1101,501,3,2,0.5,10,1
1156,1,0,155,1101,501,3,2,0.5,10,1
1157,1,0,156,1101,501,3,2,0.5,10,1
1158,1,0,157,1101,501,3,2,0.5,10,1
1159,1,0,158,1101,501,3,2,0.5,10,1
1160,1,0,159,1101,501,3,2,0.5,10,1
1161,1,0,160,1101,501,3,2,0.5,10,1
1162,1,0,161,1101,501,3,2,0.5,10,1
1163,1,0,162,1101,501,3,2,0.5,10,1
1164,1,0,163,1101,501,3,2,0.5,10,1
1165,1,0,164,1101,501,3,2,0.5,10,1
1166,1,0,165,1101,501,3,2,0.5,10,1
1167,1,0,166,1101,501,3,2,0.5,10,1
1168,1,0,167,1101,501,3,2,0.5,10,1
1169,1,0,168,1101,501,3,2,0.5,10,1
1170,1,0,169,1101,501,3,2,0.5,10,1
1171,1,0,170,1101,501,3,2,0.5,10,1
1172,1,0,171,1101,501,3,2,0.5,10,1
1173,1,0,172,1101,501,3,2,0.5,10,1
1174,1,0,173,1101,501,3,2,0.5,10,1
1175,1,0,174,1101,501,3,2,0.5,10,1
1176,1,0,175,1101,501,3,2,0.5,10,1
1177,1,0,176,1101,501,3,2,0.5,10,1
1178,1,0,177,1101,501,3,2,0.5,10,1
1179,1,0,178,1101,501,3,2,0.5,10,1
1180,1,0,179,1101,501,3,2,0.5,10,1
1181,1,0,180,1101,501,3,2,0.5,10,1
1182,1,0,181,1101,501,3,2,0.5,10,1
1183,1,0,182,1101,501,3,2,0.5,10,1
1184,1,0,183,1101,501,3,2,0.5,10,1
1185,1,0,184,1101,501,3,2,0.5,10,1
1186,1,0,185,1101,501,3,2,0.5,10,1
1187,1,0,186,1101,501,3,2,0.5,10,1
1188,1,0,187,1101,501,3,2,0.5,10,1
1189,1,0,188,1101,501,3,2,0.5,10,1
1190,1,0,189,1101,501,3,2,0.5,10,1
1191,1,0,190,1101,501,3,2,0.5,10,1
1192,1,0,191,1101,501,3,2,0.5,10,1
1193,1,0,192,1101,501,3,2,0.5,10,1
1194,1,0,193,1101,501,3,2,0.5,10,1
1195,1,0,194,1101,501,3,2,0.5,10,1
1196,1,0,195,1101,501,3,2,0.5,10,1
1197,1,0,196,1101,501,3,2,0.5,10,1
1198,1,0,197,1101,501,3,2,0.5,10,1
1199,1,0,198,1101,501,3,2,0.5,10,1
1200,1,0,199,1101,501,3,2,0.5,10,1
1201,1,0,200,1101,501,3,2,0.5,10,1
1202,1,0,201,1101,501,3,2,0.5,10,1
1203,1,0,202,1101,501,3,2,0.5,10,1
1204,1,0,203,1101,501,3,2,0.5,10,1
1205,1,0,204,1101,501,3,2,0.5,10,1
1206,1,0,205,1101,501,3,2,0.5,10,1
1207,1,0,206,1101,501,3,2,0.5,10,1
1208,1,0,207,1101,501,3,2,0.5,10,1
1209,1,0,208,1101,501,3,2,0.5,10,1
1210,1,0,209,1101,501,3,2,0.5,10,1
1211,1,0,210,1101,501,3,2,0.5,10,1
1212,1,0,211,1101,501,3,2,0.5,10,1
1213,1,0,212,1101,501,3,2,0.5,10,1
1214,1,0,213,1101,501,3,2,0.5,10,1
1215,1,0,214,1101,501,3,2,0.5,10,1
1216,1,0,215,1101,501,3,2,0.5,10,1
1217,1,0,216,1101,501,3,2,0.5,10,1
1218,1,0,217,1101,501,3,2,0.5,10,1
1219,1,0,218,1101,501,3,2,0.5,10,1
1220,1,0,219,1101,501,3,2,0.5,10,1
1221,1,0,220,1101,501,3,2,0.5,10,1
1222,1,0,221,1101,501,3,2,0.5,10,1
1223,1,0,222,1101,501,3,2,0.5,10,1
1224,1,0,223,1101,501,3,2,0.5,10,1
1225,1,0,224,1101,501,3,2,0.5,10,1
1226,1,0,225,1101,501,3,2,0.5,10,1
1227,1,0,226,1101,501,3,2,0.5,10,1
1228,1,0,227,1101,501,3,2,0.5,10,1
1229,1,0,228,1101,501,3,2,0.5,10,1
1230,1,0,229,1101,501,3,2,0.5,10,1
1231,1,0,230,1101,501,3,2,0.5,10,1
1232,1,0,231,1101,501,3,2,0.5,10,1
1233,1,0,232,1101,501,3,2,0.5,10,1
1234,1,0,233,1101,501,3,2,0.5,10,1
1235,1,0,234,1101,501,3,2,0.5,10,1
1236,1,0,235,1101,501,3,2,0.5,10,1
1237,1,0,236,1101,501,3,2,0.5,10,1
1238,1,0,237,1101,501,3,2,0.5,10,1
1239,1,0,238,1101,501,3,2,0.5,10,1
1240,1,0,239,1101,501,3,2,0.5,10,1
1241,1,0,240,1101,501,3,2,0.5,10,1
1242,1,0,241,1101,501,3,2,0.5,10,1
1243,1,0,242,1101,501,3,2,0.5,10,1
1244,1,0,243,1101,501,3,2,0.5,10,1
1245,1,0,244,1101,501,3,2,0.5,10,1
1246,1,0,245,1101,501,3,2,0.5,10,1
1247,1,0,246,1101,501,3,2,0.5,10,1
1248,1,0,247,1101,501,3,2,0.5,10,1
1249,1,0,248,1101,501,3,2,0.5,10,1
1250,1,0,249,1101,501,3,2,0.5,10,1
1251,1,0,250,1101,501,3,2,0.5,10,1
1252,1,0,251,1101,501,3,2,0.5,10,1
1253,1,0,252,1101,501,3,2,0.5,10,1
1254,1,0,253,1101,501,3,2,0.5,10,1
1255,1,0,254,1101,501,3,2,0.5,10,1
1256,1,0,255,1101,501,3,2,0.5,10,1
1257,1,0,256,1101,501,3,2,0.5,10,1
1258,1,0,257,1101,501,3,2,0.5,10,1
1259,1,0,258,1101,501,3,2,0.5,10,1
1260,1,0,259,1101,501,3,2,0.5,10,1
1261,1,0,260,1101,501,3,2,0.5,10,1
1262,1,0,261,1101,501,3,2,0.5,10,1
1263,1,0,262,1101,501,3,2,0.5,10,1
1264,1,0,263,1101,501,3,2,0.5,10,1
1265,1,0,264,1101,501,3,2,0.5,10,1
1266,1,0,265,1101,501,3,2,0.5,10,1
1267,1,0,266,1101,501,3,2,0.5,10,1
1268,1,0,267,1101,501,3,2,0.5,10,1
1269,1,0,268,1101,501,3,2,0.5,10,1
1270,1,0,269,1101,501,3,2,0.5,10,1
1271,1,0,270,1101,501,3,2,0.5,10,1
1272,1,0,271,1101,501,3,2,0.5,10,1
1273,1,0,272,1101,501,3,2,0.5,10,1
1274,1,0,273,1101,501,3,2,0.5,10,1
1275,1,0,274,1101,501,3,2,0.5,10,1
1276,1,0,275,1101,501,3,2,0.5,10,1
1277,1,0,276,1101,501,3,2,0.5,10,1
1278,1,0,277,1101,501,3,2,0.5,10,1
1279,1,0,278,1101,501,3,2,0.5,10,1
1280,1,0,279,1101,501,3,2,0.5,10,1
1281,1,0,280,1101,501,3,2,0.5,10,1
1282,1,0,281,1101,501,3,2,0.5,10,1
1283,1,0,282,1101,501,3,2,0.5,10,1
1284,1,0,283,1101,501,3,2,0.5,10,1
1285,1,0,284,1101,501,3,2,0.5,10,1
1286,1,0,285,1101,501,3,2,0.5,10,1
1287,1,0,286,1101,501,3,2,0.5,10,1
1288,1,0,287,1101,501,3,2,0.5,10,1
1289,1,0,288,1101,501,3,2,0.5,10,1
1290,1,0,289,1101,501,3,2,0.5,10,1
1291,1,0,290,1101,501,3,2,0.5,10,1
1292,1,0,291,1101,501,3,2,0.5,10,1
1293,1,0,292,1101,501,3,2,0.5,10,1
1294,1,0,293,1101,501,3,2,0.5,10,1
1295,1,0,294,1101,501,3,2,0.5,10,1
1296,1,0,295,1101,501,3,2,0.5,10,1
1297,1,0,296,1101,501,3,2,0.5,10,1
1298,1,0,297,1101,501,3,2,0.5,10,1
1299,1,0,298,1101,501,3,2,0.5,10,1
1300,1,0,299,1101,501,3,2,0.5,10,1
1301,1,0,300,1101,501,3,2,0.5,10,1
1302,1,0,301,1101,501,3,2,0.5,10,1
1303,1,0,302,1101,501,3,2,0.5,10,1
1304,1,0,303,1101,501,3,2,0.5,10,1
1305,1,0,304,1101,501,3,2,0.5,10,1
1306,1,0,305,1101,501,3,2,0.5,10,1
1307,1,0,306,1101,501,3,2,0.5,10,1
1308,1,0,307,1101,501,3,2,0.5,10,1
1309,1,0,308,1101,501,3,2,0.5,10,1
1310,1,0,309,1101,501,3,2,0.5,10,1
1311,1,0,310,1101,501,3,2,0.5,10,1
1312,1,0,311,1101,501,3,2,0.5,10,1
1313,1,0,312,1101,501,3,2,0.5,10,1
1314,1,0,313,1101,501,3,2,0.5,10,1
1315,1,0,314,1101,501,3,2,0.5,10,1
1316,1,0,315,1101,501,3,2,0.5,10,1
1317,1,0,316,1101,501,3,2,0.5,10,1
1318,1,0,317,1101,501,3,2,0.5,10,1
1319,1,0,318,1101,501,3,2,0.5,10,1
1320,1,0,319,1101,501,3,2,0.5,10,1
1321,1,0,320,1101,501,3,2,0.5,10,1
1322,1,0,321,1101,501,3,2,0.5,10,1
1323,1,0,322,1101,501,3,2,0.5,10,1
1324,1,0,323,1101,501,3,2,0.5,10,1
1325,1,0,324,1101,501,3,2,0.5,10,1
1326,1,0,325,1101,501,3,2,0.5,10,1
1327,1,0,326,1101,501,3,2,0.5,10,1
1328,1,0,327,1101,501,3,2,0.5,10,1
1329,1,0,328,1101,501,3,2,0.5,10,1
1330,1,0,329,1101,501,3,2,0.5,10,1
1331,1,0,330,1101,501,3,2,0.5,10,1
1332,1,0,331,1101,501,3,2,0.5,10,1
1333,1,0,332,1101,501,3,2,0.5,10,1
1334,1,0,333,1101,501,3,2,0.5,10,1
1335,1,0,334,1101,501,3,2,0.5,10,1
1336,1,0,335,1101,501,3,2,0.5,10,1
1337,1,0,336,1101,501,3,2,0.5,10,1
1338,1,0,337,1101,501,3,2,0.5,10,1
1339,1,0,338,1101,501,3,2,0.5,10,1
1340,1,0,339,1101,501,3,2,0.5,10,1
1341,1,0,340,1101,501,3,2,0.5,10,1
1342,1,0,341,1101,501,3,2,0.5,10,1
1343,1,0,342,1101,501,3,2,0.5,10,1
1344,1,0,343,1101,501,3,2,0.5,10,1
1345,1,0,344,1101,501,3,2,0.5,10,1
1346,1,0,345,1101,501,3,2,0.5,10,1
1347,1,0,346,1101,501,3,2,0.5,10,1
1348,1,0,347,1101,501,3,2,0.5,10,1
1349,1,0,348,1101,501,3,2,0.5,10,1
1350,1,0,349,1101,501,3,2,0.5,10,1
1351,1,0,350,1101,501,3,2,0.5,10,1
1352,1,0,351,1101,501,3,2,0.5,10,1
1353,1,0,352,1101,501,3,2,0.5,10,1
1354,1,0,353,1101,501,3,2,0.5,10,1
1355,1,0,354,1101,501,3,2,0.5,10,1
1356,1,0,355,1101,501,3,2,0.5,10,1
1357,1,0,356,1101,501,3,2,0.5,10,1
1358,1,0,357,1101,501,3,2,0.5,10,1
1359,1,0,358,1101,501,3,2,0.5,10,1
1360,1,0,359,1101,501,3,2,0.5,10,1
1361,1,0,360,1101,501,3,2,0.5,10,1
1362,1,0,361,1101,501,3,2,0.5,10,1
1363,1,0,362,1101,501,3,2,0.5,10,1
1364,1,0,363,1101,501,3,2,0.5,10,1
1365,1,0,364,1101,501,3,2,0.5,10,1
1366,1,0,365,1101,501,3,2,0.5,10,1
1367,1,0,366,1101,501,3,2,0.5,10,1
1368,1,0,367,1101,501,3,2,0.5,10,1
1369,1,0,368,1101,501,3,2,0.5,10,1
1370,1,0,369,1101,501,3,2,0.5,10,1
1371,1,0,370,1101,501,3,2,0.5,10,1
1372,1,0,371,1101,501,3,2,0.5,10,1
1373,1,0,372,1101,501,3,2,0.5,10,1
1374,1,0,373,1101,501,3,2,0.5,10,1
1375,1,0,374,1101,501,3,2,0.5,10,1
1376,1,0,375,1101,501,3,2,0.5,10,1
1377,1,0,376,1101,501,3,2,0.5,10,1
1378,1,0,377,1101,501,3,2,0.5,10,1
1379,1,0,378,1101,501,3,2,0.5,10,1
1380,1,0,379,1101,501,3,2,0.5,10,1
1381,1,0,380,1101,501,3,2,0.5,10,1
1382,1,0,381,1101,501,3,2,0.5,10,1
1383,1,0,382,1101,501,3,2,0.5,10,1
1384,1,0,383,1101,501,3,2,0.5,10,1
1385,1,0,384,1101,501,3,2,0.5,10,1
1386,1,0,385,1101,501,3,2,0.5,10,1
1387,1,0,386,1101,501,3,2,0.5,10,1
1388,1,0,387,1101,501,3,2,0.5,10,1
1389,1,0,388,1101,501,3,2,0.5,10,1
1390,1,0,389,1101,501,3,2,0.5,10,1
1391,1,0,390,1101,501,3,2,0.5,10,1
1392,1,0,391,1101,501,3,2,0.5,10,1
1393,1,0,392,1101,501,3,2,0.5,10,1
1394,1,0,393,1101,501,3,2,0.5,10,1
1395,1,0,394,1101,501,3,2,0.5,10,1
1396,1,0,395,1101,501,3,2,0.5,10,1
1397,1,0,396,1101,501,3,2,0.5,10,1
1398,1,0,397,1101,501,3,2,0.5,10,1
1399,1,0,398,1101,501,3,2,0.5,10,1
1400,1,0,399,1101,501,3,2,0.5,10,1
1401,1,0,400,1101,501,3,2,0.5,10,1
1402,1,0,401,1101,501,3,2,0.5,10,1
1403,1,0,402,1101,501,3,2,0.5,10,1
1404,1,0,403,1101,501,3,2,0.5,10,1
1405,1,0,404,1101,501,3,2,0.5,10,1
1406,1,0,405,1101,501,3,2,0.5,10,1
1407,1,0,406,1101,501,3,2,0.5,10,1
1408,1,0,407,1101,501,3,2,0.5,10,1
1409,1,0,408,1101,501,3,2,0.5,10,1
1410,1,0,409,1101,501,3,2,0.5,10,1
1411,1,0,410,1101,501,3,2,0.5,10,1
1412,1,0,411,1101,501,3,2,0.5,10,1
1413,1,0,412,1101,501,3,2,0.5,10,1
1414,1,0,413,1101,501,3,2,0.5,10,1
1415,1,0,414,1101,501,3,2,0.5,10,1
1416,1,0,415,1101,501,3,2,0.5,10,1
1417,1,0,416,1101,501,3,2,0.5,10,1
1418,1,0,417,1101,501,3,2,0.5,10,1
1419,1,0,418,1101,501,3,2,0.5,10,1
1420,1,0,419,1101,501,3,2,0.5,10,1
1421,1,0,420,1101,501,3,2,0.5,10,1
1422,1,0,421,1101,501,3,2,0.5,10,1
1423,1,0,422,1101,501,3,2,0.5,10,1
1424,1,0,423,1101,501,3,2,0.5,10,1
1425,1,0,424,1101,501,3,2,0.5,10,1
1426,1,0,425,1101,501,3,2,0.5,10,1
1427,1,0,426,1101,501,3,2,0.5,10,1
1428,1,0,427,1101,501,3,2,0.5,10,1
1429,1,0,428,1101,501,3,2,0.5,10,1
1430,1,0,429,1101,501,3,2,0.5,10,1
1431,1,0,430,1101,501,3,2,0.5,10,1
1432,1,0,431,1101,501,3,2,0.5,10,1
1433,1,0,432,1101,501,3,2,0.5,10,1
1434,1,0,433,1101,501,3,2,0.5,10,1
1435,1,0,434,1101,501,3,2,0.5,10,1
1436,1,0,435,1101,501,3,2,0.5,10,1
1437,1,0,436,1101,501,3,2,0.5,10,1
1438,1,0,437,1101,501,3,2,0.5,10,1
1439,1,0,438,1101,501,3,2,0.5,10,1
1440,1,0,439,1101,501,3,2,0.5,10,1
1441,1,0,440,1101,501,3,2,0.5,10,1
1442,1,0,441,1101,501,3,2,0.5,10,1
1443,1,0,442,1101,501,3,2,0.5,10,1
1444,1,0,443,1101,501,3,2,0.5,10,1
1445,1,0,444,1101,501,3,2,0.5,10,1
1446,1,0,445,1101,501,3,2,0.5,10,1
1447,1,0,446,1101,501,3,2,0.5,10,1
1448,1,0,447,1101,501,3,2,0.5,10,1
1449,1,0,448,1101,501,3,2,0.5,10,1
1450,1,0,449,1101,501,3,2,0.5,10,1
1451,1,0,450,1101,501,3,2,0.5,10,1
1452,1,0,451,1101,501,3,2,0.5,10,1
1453,1,0,452,1101,501,3,2,0.5,10,1
1454,1,0,453,1101,501,3,2,0.5,10,1
1455,1,0,454,1101,501,3,2,0.5,10,1
1456,1,0,455,1101,501,3,2,0.5,10,1
1457,1,0,456,1101,501,3,2,0.5,10,1
1458,1,0,457,1101,501,3,2,0.5,10,1
1459,1,0,458,1101,501,3,2,0.5,10,1
1460,1,0,459,1101,501,3,2,0.5,10,1
1461,1,0,460,1101,501,3,2,0.5,10,1
1462,1,0,461,1101,501,3,2,0.5,10,1
1463,1,0,462,1101,501,3,2,0.5,10,1
1464,1,0,463,1101,501,3,2,0.5,10,1
1465,1,0,464,1101,501,3,2,0.5,10,1
1466,1,0,465,1101,501,3,2,0.5,10,1
1467,1,0,466,1101,501,3,2,0.5,10,1
1468,1,0,467,1101,501,3,2,0.5,10,1
1469,1,0,468,1101,501,3,2,0.5,10,1
1470,1,0,469,1101,501,3,2,0.5,10,1
1471,1,0,470,1101,501,3,2,0.5,10,1
1472,1,0,471,1101,501,3,2,0.5,10,1
1473,1,0,472,1101,501,3,2,0.5,10,1
1474,1,0,473,1101,501,3,2,0.5,10,1
1475,1,0,474,1101,501,3,2,0.5,10,1
1476,1,0,475,1101,501,3,2,0.5,10,1
1477,1,0,476,1101,501,3,2,0.5,10,1
1478,1,0,477,1101,501,3,2,0.5,10,1
1479,1,0,478,1101,501,3,2,0.5,10,1
1480,1,0,479,1101,501,3,2,0.5,10,1
1481,1,0,480,1101,501,3,2,0.5,10,1
1482,1,0,481,1101,501,3,2,0.5,10,1
1483,1,0,482,1101,501,3,2,0.5,10,1
1484,1,0,483,1101,501,3,2,0.5,10,1
1485,1,0,484,1101,501,3,2,0.5,10,1
1486,1,0,485,1101,501,3,2,0.5,10,1
1487,1,0,486,1101,501,3,2,0.5,10,1
1488,1,0,487,1101,501,3,2,0.5,10,1
1489,1,0,488,1101,501,3,2,0.5,10,1
1490,1,0,489,1101,501,3,2,0.5,10,1
1491,1,0,490,1101,501,3,2,0.5,10,1
1492,1,0,491,1101,501,3,2,0.5,10,1
1493,1,0,492,1101,501,3,2,0.5,10,1
1494,1,0,493,1101,501,3,2,0.5,10,1
1495,1,0,494,1101,501,3,2,0.5,10,1
1496,1,0,495,1101,501,3,2,0.5,10,1
1497,1,0,496,1101,501,3,2,0.5,10,1
1498,1,0,497,1101,501,3,2,0.5,10,1
1499,1,0,498,1101,501,3,2,0.5,10,1
1500,1,0,499,1101,501,3,2,0.5,10,1
1501,1,0,500,1101,501,3,2,0.5,10,1
1502,1,0,501,1101,501,3,2,0.5,10,1
1503,1,0,502,1101,501,3,2,0.5,10,1
1504,1,0,503,1101,501,3,2,0.5,10,1
1505,1,0,504,1101,501,3,2,0.5,10,1
1506,1,0,505,1101,501,3,2,0.5,10,1
1507,1,0,506,1101,501,3,2,0.5,10,1
1508,1,0,507,1101,501,3,2,0.5,10,1
1509,1,0,508,1101,501,3,2,0.5,10,1
1510,1,0,509,1101,501,3,2,0.5,10,1
1511,1,0,510,1101,501,3,2,0.5,10,1
1512,1,0,511,1101,501,3,2,0.5,10,1
1513,1,0,512,1101,501,3,2,0.5,10,1
1514,1,0,513,1101,501,3,2,0.5,10,1
1515,1,0,514,1101,501,3,2,0.5,10,1
1516,1,0,515,1101,501,3,2,0.5,10,1
1517,1,0,516,1101,501,3,2,0.5,10,1
1518,1,0,517,1101,501,3,2,0.5,10,1
1519,1,0,518,1101,501,3,2,0.5,10,1
1520,1,0,519,1101,501,3,2,0.5,10,1
1521,1,0,520,1101,501,3,2,0.5,10,1
1522,1,0,521,1101,501,3,2,0.5,10,1
1523,1,0,522,1101,501,3,2,0.5,10,1
1524,1,0,523,1101,501,3,2,0.5,10,1
1525,1,0,524,1101,501,3,2,0.5,10,1
1526,1,0,525,1101,501,3,2,0.5,10,1
1527,1,0,526,1101,501,3,2,0.5,10,1
1528,1,0,527,1101,501,3,2,0.5,10,1
1529,1,0,528,1101,501,3,2,0.5,10,1
1530,1,0,529,1101,501,3,2,0.5,10,1
1531,1,0,530,1101,501,3,2,0.5,10,1
1532,1,0,531,1101,501,3,2,0.5,10,1
1533,1,0,532,1101,501,3,2,0.5,10,1
1534,1,0,533,1101,501,3,2,0.5,10,1
1535,1,0,534,1101,501,3,2,0.5,10,1
1536,1,0,535,1101,501,3,2,0.5,10,1
1537,1,0,536,1101,501,3,2,0.5,10,1
1538,1,0,537,1101,501,3,2,0.5,10,1
1539,1,0,538,1101,501,3,2,0.5,10,1
1540,1,0,539,1101,501,3,2,0.5,10,1
1541,1,0,540,1101,501,3,2,0.5,10,1
1542,1,0,541,1101,501,3,2,0.5,10,1
1543,1,0,542,1101,501,3,2,0.5,10,1
1544,1,0,543,1101,501,3,2,0.5,10,1
1545,1,0,544,1101,501,3,2,0.5,10,1
1546,1,0,545,1101,501,3,2,0.5,10,1
1547,1,0,546,1101,501,3,2,0.5,10,1
1548,1,0,547,1101,501,3,2,0.5,10,1
1549,1,0,548,1101,501,3,2,0.5,10,1
1550,1,0,549,1101,501,3,2,0.5,10,1
1551,1,0,550,1101,501,3,2,0.5,10,1
1552,1,0,551,1101,501,3,2,0.5,10,1
1553,1,0,552,1101,501,3,2,0.5,10,1
1554,1,0,553,1101,501,3,2,0.5,10,1
1555,1,0,554,1101,501,3,2,0.5,10,1
1556,1,0,555,1101,501,3,2,0.5,10,1
1557,1,0,556,1101,501,3,2,0.5,10,1
1558,1,0,557,1101,501,3,2,0.5,10,1
1559,1,0,558,1101,501,3,2,0.5,10,1
1560,1,0,559,1101,501,3,2,0.5,10,1
1561,1,0,560,1101,501,3,2,0.5,10,1
1562,1,0,561,1101,501,3,2,0.5,10,1
1563,1,0,562,1101,501,3,2,0.5,10,1
1564,1,0,563,1101,501,3,2,0.5,10,1
1565,1,0,564,1101,501,3,2,0.5,10,1
1566,1,0,565,1101,501,3,2,0.5,10,1
1567,1,0,566,1101,501,3,2,0.5,10,1
1568,1,0,567,1101,501,3,2,0.5,10,1
1569,1,0,568,1101,501,3,2,0.5,10,1
1570,1,0,569,1101,501,3,2,0.5,10,1
1571,1,0,570,1101,501,3,2,0.5,10,1
1572,1,0,571,1101,501,3,2,0.5,10,1
1573,1,0,572,1101,501,3,2,0.5,10,1
1574,1,0,573,1101,501,3,2,0.5,10,1
1575,1,0,574,1101,501,3,2,0.5,10,1
1576,1,0,575,1101,501,3,2,0.5,10,1
1577,1,0,576,1101,501,3,2,0.5,10,1
1578,1,0,577,1101,501,3,2,0.5,10,1
1579,1,0,578,1101,501,3,2,0.5,10,1
1580,1,0,579,1101,501,3,2,0.5,10,1
1581,1,0,580,1101,501,3,2,0.5,10,1
1582,1,0,581,1101,501,3,2,0.5,10,1
1583,1,0,582,1101,501,3,2,0.5,10,1
1584,1,0,583,1101,501,3,2,0.5,10,1
1585,1,0,584,1101,501,3,2,0.5,10,1
1586,1,0,585,1101,501,3,2,0.5,10,1
1587,1,0,586,1101,501,3,2,0.5,10,1
1588,1,0,587,1101,501,3,2,0.5,10,1
1589,1,0,588,1101,501,3,2,0.5,10,1
1590,1,0,589,1101,501,3,2,0.5,10,1
1591,1,0,590,1101,501,3,2,0.5,10,1
1592,1,0,591,1101,501,3,2,0.5,10,1
1593,1,0,592,1101,501,3,2,0.5,10,1
1594,1,0,593,1101,501,3,2,0.5,10,1
1595,1,0,594,1101,501,3,2,0.5,10,1
1596,1,0,595,1101,501,3,2,0.5,10,1
1597,1,0,596,1101,501,3,2,0.5,10,1
1598,1,0,597,1101,501,3,2,0.5,10,1
1599,1,0,598,1101,501,3,2,0.5,10,1
1600,1,0,599,1101,501,3,2,0.5,10,1
1601,1,0,600,1101,501,3,2,0.5,10,1
1602,1,0,601,1101,501,3,2,0.5,10,1
1603,1,0,602,1101,501,3,2,0.5,10,1
1604,1,0,603,1101,501,3,2,0.5,10,1
1605,1,0,604,1101,501,3,2,0.5,10,1
1606,1,0,605,1101,501,3,2,0.5,10,1
1607,1,0,606,1101,501,3,2,0.5,10,1
1608,1,0,607,1101,501,3,2,0.5,10,1
1609,1,0,608,1101,501,3,2,0.5,10,1
1610,1,0,609,1101,501,3,2,0.5,10,1
1611,1,0,610,1101,501,3,2,0.5,10,1
1612,1,0,611,1101,501,3,2,0.5,10,1
1613,1,0,612,1101,501,3,2,0.5,10,1
1614,1,0,613,1101,501,3,2,0.5,10,1
1615,1,0,614,1101,501,3,2,0.5,10,1
1616,1,0,615,1101,501,3,2,0.5,10,1
1617,1,0,616,1101,501,3,2,0.5,10,1
1618,1,0,617,1101,501,3,2,0.5,10,1
1619,1,0,618,1101,501,3,2,0.5,10,1
1620,1,0,619,1101,501,3,2,0.5,10,1
1621,1,0,620,1101,501,3,2,0.5,10,1
1622,1,0,621,1101,501,3,2,0.5,10,1
1623,1,0,622,1101,501,3,2,0.5,10,1
1624,1,0,623,1101,501,3,2,0.5,10,1
1625,1,0,624,1101,501,3,2,0.5,10,1
1626,1,0,625,1101,501,3,2,0.5,10,1
1627,1,0,626,1101,501,3,2,0.5,10,1
1628,1,0,627,1101,501,3,2,0.5,10,1
1629,1,0,628,1101,501,3,2,0.5,10,1
1630,1,0,629,1101,501,3,2,0.5,10,1
1631,1,0,630,1101,501,3,2,0.5,10,1
1632,1,0,631,1101,501,3,2,0.5,10,1
1633,1,0,632,1101,501,3,2,0.5,10,1
1634,1,0,633,1101,501,3,2,0.5,10,1
1635,1,0,634,1101,501,3,2,0.5,10,1
1636,1,0,635,1101,501,3,2,0.5,10,1
1637,1,0,636,1101,501,3,2,0.5,10,1
1638,1,0,637,1101,501,3,2,0.5,10,1
1639,1,0,638,1101,501,3,2,0.5,10,1
1640,1,0,639,1101,501,3,2,0.5,10,1
1641,1,0,640,1101,501,3,2,0.5,10,1
1642,1,0,641,1101,501,3,2,0.5,10,1
1643,1,0,642,1101,501,3,2,0.5,10,1
1644,1,0,643,1101,501,3,2,0.5,10,1
1645,1,0,644,1101,501,3,2,0.5,10,1
1646,1,0,645,1101,501,3,2,0.5,10,1
1647,1,0,646,1101,501,3,2,0.5,10,1
1648,1,0,647,1101,501,3,2,0.5,10,1
1649,1,0,648,1101,501,3,2,0.5,10,1
1650,1,0,649,1101,501,3,2,0.5,10,1
1651,1,0,650,1101,501,3,2,0.5,10,1
1652,1,0,651,1101,501,3,2,0.5,10,1
1653,1,0,652,1101,501,3,2,0.5,10,1
1654,1,0,653,1101,501,3,2,0.5,10,1
1655,1,0,654,1101,501,3,2,0.5,10,1
1656,1,0,655,1101,501,3,2,0.5,10,1
1657,1,0,656,1101,501,3,2,0.5,10,1
1658,1,0,657,1101,501,3,2,0.5,10,1
1659,1,0,658,1101,501,3,2,0.5,10,1
1660,1,0,659,1101,501,3,2,0.5,10,1
1661,1,0,660,1101,501,3,2,0.5,10,1
1662,1,0,661,1101,501,3,2,0.5,10,1
1663,1,0,662,1101,501,3,2,0.5,10,1
1664,1,0,663,1101,501,3,2,0.5,10,1
1665,1,0,664,1101,501,3,2,0.5,10,1
1666,1,0,665,1101,501,3,2,0.5,10,1
1667,1,0,666,1101,501,3,2,0.5,10,1
1668,1,0,667,1101,501,3,2,0.5,10,1
1669,1,0,668,1101,501,3,2,0.5,10,1
1670,1,0,669,1101,501,3,2,0.5,10,1
1671,1,0,670,1101,501,3,2,0.5,10,1
1672,1,0,671,1101,501,3,2,0.5,10,1
1673,1,0,672,1101,501,3,2,0.5,10,1
1674,1,0,673,1101,501,3,2,0.5,10,1
1675,1,0,674,1101,501,3,2,0.5,10,1
1676,1,0,675,1101,501,3,2,0.5,10,1
1677,1,0,676,1101,501,3,2,0.5,10,1
1678,1,0,677,1101,501,3,2,0.5,10,1
1679,1,0,678,1101,501,3,2,0.5,10,1
1680,1,0,679,1101,501,3,2,0.5,10,1
1681,1,0,680,1101,501,3,2,0.5,10,1
1682,1,0,681,1101,501,3,2,0.5,10,1
1683,1,0,682,1101,501,3,2,0.5,10,1
1684,1,0,683,1101,501,3,2,0.5,10,1
1685,1,0,684,1101,501,3,2,0.5,10,1
1686,1,0,685,1101,501,3,2,0.5,10,1
1687,1,0,686,1101,501,3,2,0.5,10,1
1688,1,0,687,1101,501,3,2,0.5,10,1
1689,1,0,688,1101,501,3,2,0.5,10,1
1690,1,0,689,1101,501,3,2,0.5,10,1
1691,1,0,690,1101,501,3,2,0.5,10,1
1692,1,0,691,1101,501,3,2,0.5,10,1
1693,1,0,692,1101,501,3,2,0.5,10,1
1694,1,0,693,1101,501,3,2,0.5,10,1
1695,1,0,694,1101,501,3,2,0.5,10,1
1696,1,0,695,1101,501,3,2,0.5,10,1
1697,1,0,696,1101,501,3,2,0.5,10,1
1698,1,0,697,1101,501,3,2,0.5,10,1
1699,1,0,698,1101,501,3,2,0.5,10,1
1700,1,0,699,1101,501,3,2,0.5,10,1
1701,1,0,700,1101,501,3,2,0.5,10,1
1702,1,0,701,1101,501,3,2,0.5,10,1
1703,1,0,702,1101,501,3,2,0.5,10,1
1704,1,0,703,1101,501,3,2,0.5,10,1
1705,1,0,704,1101,501,3,2,0.5,10,1
1706,1,0,705,1101,501,3,2,0.5,10,1
1707,1,0,706,1101,501,3,2,0.5,10,1
1708,1,0,707,1101,501,3,2,0.5,10,1
1709,1,0,708,1101,501,3,2,0.5,10,1
1710,1,0,709,1101,501,3,2,0.5,10,1
1711,1,0,710,1101,501,3,2,0.5,10,1
1712,1,0,711,1101,501,3,2,0.5,10,1
1713,1,0,712,1101,501,3,2,0.5,10,1
1714,1,0,713,1101,501,3,2,0.5,10,1
1715,1,0,714,1101,501,3,2,0.5,10,1
1716,1,0,715,1101,501,3,2,0.5,10,1
1717,1,0,716,1101,501,3,2,0.5,10,1
1718,1,0,717,1101,501,3,2,0.5,10,1
1719,1,0,718,1101,501,3,2,0.5,10,1
1720,1,0,719,1101,501,3,2,0.5,10,1
1721,1,0,720,1101,501,3,2,0.5,10,1
1722,1,0,721,1101,501,3,2,0.5,10,1
1723,1,0,722,1101,501,3,2,0.5,10,1
1724,1,0,723,1101,501,3,2,0.5,10,1
1725,1,0,724,1101,501,3,2,0.5,10,1
1726,1,0,725,1101,501,3,2,0.5,10,1
1727,1,0,726,1101,501,3,2,0.5,10,1
1728,1,0,727,1101,501,3,2,0.5,10,1
1729,1,0,728,1101,501,3,2,0.5,10,1
1730,1,0,729,1101,501,3,2,0.5,10,1
1731,1,0,730,1101,501,3,2,0.5,10,1
1732,1,0,731,1101,501,3,2,0.5,10,1
1733,1,0,732,1101,501,3,2,0.5,10,1
1734,1,0,733,1101,501,3,2,0.5,10,1
1735,1,0,734,1101,501,3,2,0.5,10,1
1736,1,0,735,1101,501,3,2,0.5,10,1
1737,1,0,736,1101,501,3,2,0.5,10,1
1738,1,0,737,1101,501,3,2,0.5,10,1
1739,1,0,738,1101,501,3,2,0.5,10,1
1740,1,0,739,1101,501,3,2,0.5,10,1
1741,1,0,740,1101,501,3,2,0.5,10,1
1742,1,0,741,1101,501,3,2,0.5,10,1
1743,1,0,742,1101,501,3,2,0.5,10,1
1744,1,0,743,1101,501,3,2,0.5,10,1
1745,1,0,744,1101,501,3,2,0.5,10,1
1746,1,0,745,1101,501,3,2,0.5,10,1
1747,1,0,746,1101,501,3,2,0.5,10,1
1748,1,0,747,1101,501,3,2,0.5,10,1
1749,1,0,748,1101,501,3,2,0.5,10,1
1750,1,0,749,1101,501,3,2,0.5,10,1
1751,1,0,750,1101,501,3,2,0.5,10,1
1752,1,0,751,1101,501,3,2,0.5,10,1
1753,1,0,752,1101,501,3,2,0.5,10,1
1754,1,0,753,1101,501,3,2,0.5,10,1
1755,1,0,754,1101,501,3,2,0.5,10,1
1756,1,0,755,1101,501,3,2,0.5,10,1
1757,1,0,756,1101,501,3,2,0.5,10,1
1758,1,0,757,1101,501,3,2,0.5,10,1
1759,1,0,758,1101,501,3,2,0.5,10,1
1760,1,0,759,1101,501,3,2,0.5,10,1
1761,1,0,760,1101,501,3,2,0.5,10,1
1762,1,0,761,1101,501,3,2,0.5,10,1
1763,1,0,762,1101,501,3,2,0.5,10,1
1764,1,0,763,1101,501,3,2,0.5,10,1
1765,1,0,764,1101,501,3,2,0.5,10,1
1766,1,0,765,1101,501,3,2,0.5,10,1
1767,1,0,766,1101,501,3,2,0.5,10,1
1768,1,0,767,1101,501,3,2,0.5,10,1
1769,1,0,768,1101,501,3,2,0.5,10,1
1770,1,0,769,1101,501,3,2,0.5,10,1
1771,1,0,770,1101,501,3,2,0.5,10,1
1772,1,0,771,1101,501,3,2,0.5,10,1
1773,1,0,772,1101,501,3,2,0.5,10,1
1774,1,0,773,1101,501,3,2,0.5,10,1
1775,1,0,774,1101,501,3,2,0.5,10,1
1776,1,0,775,1101,501,3,2,0.5,10,1
1777,1,0,776,1101,501,3,2,0.5,10,1
1778,1,0,777,1101,501,3,2,0.5,10,1
1779,1,0,778,1101,501,3,2,0.5,10,1
1780,1,0,779,1101,501,3,2,0.5,10,1
1781,1,0,780,1101,501,3,2,0.5,10,1
1782,1,0,781,1101,501,3,2,0.5,10,1
1783,1,0,782,1101,501,3,2,0.5,10,1
1784,1,0,783,1101,501,3,2,0.5,10,1
1785,1,0,784,1101,501,3,2,0.5,10,1
1786,1,0,785,1101,501,3,2,0.5,10,1
1787,1,0,786,1101,501,3,2,0.5,10,1
1788,1,0,787,1101,501,3,2,0.5,10,1
1789,1,0,788,1101,501,3,2,0.5,10,1
1790,1,0,789,1101,501,3,2,0.5,10,1
1791,1,0,790,1101,501,3,2,0.5,10,1
1792,1,0,791,1101,501,3,2,0.5,10,1
1793,1,0,792,1101,501,3,2,0.5,10,1
1794,1,0,793,1101,501,3,2,0.5,10,1
1795,1,0,794,1101,501,3,2,0.5,10,1
1796,1,0,795,1101,501,3,2,0.5,10,1
1797,1,0,796,1101,501,3,2,0.5,10,1
1798,1,0,797,1101,501,3,2,0.5,10,1
1799,1,0,798,1101,501,3,2,0.5,10,1
1800,1,0,799,1101,501,3,2,0.5,10,1
1801,1,0,800,1101,501,3,2,0.5,10,1
1802,1,0,801,1101,501,3,2,0.5,10,1
1803,1,0,802,1101,501,3,2,0.5,10,1
1804,1,0,803,1101,501,3,2,0.5,10,1
1805,1,0,804,1101,501,3,2,0.5,10,1
1806,1,0,805,1101,501,3,2,0.5,10,1
1807,1,0,806,1101,501,3,2,0.5,10,1
1808,1,0,807,1101,501,3,2,0.5,10,1
1809,1,0,808,1101,501,3,2,0.5,10,1
1810,1,0,809,1101,501,3,2,0.5,10,1
1811,1,0,810,1101,501,3,2,0.5,10,1
1812,1,0,811,1101,501,3,2,0.5,10,1
1813,1,0,812,1101,501,3,2,0.5,10,1
1814,1,0,813,1101,501,3,2,0.5,10,1
1815,1,0,814,1101,501,3,2,0.5,10,1
1816,1,0,815,1101,501,3,2,0.5,10,1
1817,1,0,816,1101,501,3,2,0.5,10,1
1818,1,0,817,1101,501,3,2,0.5,10,1
1819,1,0,818,1101,501,3,2,0.5,10,1
1820,1,0,819,1101,501,3,2,0.5,10,1
1821,1,0,820,1101,501,3,2,0.5,10,1
1822,1,0,821,1101,501,3,2,0.5,10,1
1823,1,0,822,1101,501,3,2,0.5,10,1
1824,1,0,823,1101,501,3,2,0.5,10,1
1825,1,0,824,1101,501,3,2,0.5,10,1
1826,1,0,825,1101,501,3,2,0.5,10,1
1827,1,0,826,1101,501,3,2,0.5,10,1
1828,1,0,827,1101,501,3,2,0.5,10,1
1829,1,0,828,1101,501,3,2,0.5,10,1
1830,1,0,829,1101,501,3,2,0.5,10,1
1831,1,0,830,1101,501,3,2,0.5,10,1
1832,1,0,831,1101,501,3,2,0.5,10,1
1833,1,0,832,1101,501,3,2,0.5,10,1
1834,1,0,833,1101,501,3,2,0.5,10,1
1835,1,0,834,1101,501,3,2,0.5,10,1
1836,1,0,835,1101,501,3,2,0.5,10,1
1837,1,0,836,1101,501,3,2,0.5,10,1
1838,1,0,837,1101,501,3,2,0.5,10,1
1839,1,0,838,1101,501,3,2,0.5,10,1
1840,1,0,839,1101,501,3,2,0.5,10,1
1841,1,0,840,1101,501,3,2,0.5,10,1
1842,1,0,841,1101,501,3,2,0.5,10,1
1843,1,0,842,1101,501,3,2,0.5,10,1
1844,1,0,843,1101,501,3,2,0.5,10,1
1845,1,0,844,1101,501,3,2,0.5,10,1
1846,1,0,845,1101,501,3,2,0.5,10,1
1847,1,0,846,1101,501,3,2,0.5,10,1
1848,1,0,847,1101,501,3,2,0.5,10,1
1849,1,0,848,1101,501,3,2,0.5,10,1
1850,1,0,849,1101,501,3,2,0.5,10,1
1851,1,0,850,1101,501,3,2,0.5,10,1
1852,1,0,851,1101,501,3,2,0.5,10,1
1853,1,0,852,1101,501,3,2,0.5,10,1
1854,1,0,853,1101,501,3,2,0.5,10,1
1855,1,0,854,1101,501,3,2,0.5,10,1
1856,1,0,855,1101,501,3,2,0.5,10,1
1857,1,0,856,1101,501,3,2,0.5,10,1
1858,1,0,857,1101,501,3,2,0.5,10,1
1859,1,0,858,1101,501,3,2,0.5,10,1
1860,1,0,859,1101,501,3,2,0.5,10,1
1861,1,0,860,1101,501,3,2,0.5,10,2
1862,1,0,861,1101,501,3,2,0.5,10,2
1863,1,0,862,1101,501,3,2,0.5,10,2
1864,1,0,863,1101,501,3,2,0.5,10,2
1865,1,0,864,1101,501,3,2,0.5,10,2
1866,1,0,865,1101,501,3,2,0.5,10,2
1867,1,0,866,1101,501,3,2,0.5,10,2
1868,1,0,867,1101,501,3,2,0.5,10,2
1869,1,0,868,1101,501,3,2,0.5,10,2
1870,1,0,869,1101,501,3,2,0.5,10,2
1871,1,0,870,1101,501,3,2,0.5,10,2
1872,1,0,871,1101,501,3,2,0.5,10,2
1873,1,0,872,1101,501,3,2,0.5,10,2
1874,1,0,873,1101,501,3,2,0.5,10,2
1875,1,0,874,1101,501,3,2,0.5,10,2
1876,1,0,875,1101,501,3,2,0.5,10,3
1877,1,0,876,1101,501,3,2,0.5,10,3
1878,1,0,877,1101,501,3,2,0.5,10,3
1879,1,0,878,1101,501,3,2,0.5,10,3
1880,1,0,879,1101,501,3,2,0.5,10,3
1881,1,0,880,1101,501,3,2,0.5,10,3
1882,1,0,881,1101,501,3,2,0.5,10,3
1883,1,0,882,1101,501,3,2,0.5,10,3
1884,1,0,883,1101,501,3,2,0.5,10,3
1885,1,0,884,1101,501,3,2,0.5,10,3
1886,1,0,885,1101,501,3,2,0.5,10,3
1887,1,0,886,1101,501,3,2,0.5,10,3
1888,1,0,887,1101,501,3,2,0.5,10,3
1889,1,0,888,1101,501,3,2,0.5,10,3
1890,1,0,889,1101,501,3,2,0.5,10,3
1891,1,0,890,1101,501,3,2,0.5,10,3
1892,1,0,891,1101,501,3,2,0.5,10,3
1893,1,0,892,1101,501,3,2,0.5,10,3
1894,1,0,893,1101,501,3,2,0.5,10,3
1895,1,0,894,1101,501,3,2,0.5,10,3
1896,1,0,895,1101,501,3,2,0.5,10,3
1897,1,0,896,1101,501,3,2,0.5,10,3
1898,1,0,897,1101,501,3,2,0.5,10,3
1899,1,0,898,1101,501,3,2,0.5,10,3
1900,1,0,899,1101,501,3,2,0.5,10,3
1901,1,0,900,1101,501,3,2,0.5,10,3
1902,1,0,901,1101,501,3,2,0.5,10,3
1903,1,0,902,1101,501,3,2,0.5,10,3
1904,1,0,903,1101,501,3,2,0.5,10,3
1905,1,0,904,1101,501,3,2,0.5,10,3
1906,1,0,905,1101,501,3,2,0.5,10,3
1907,1,0,906,1101,501,3,2,0.5,10,3
1908,1,0,907,1101,501,3,2,0.5,10,3
1909,1,0,908,1101,501,3,2,0.5,10,3
1910,1,0,909,1101,501,3,2,0.5,10,3
1911,1,0,910,1101,501,3,2,0.5,10,3
1912,1,0,911,1101,501,3,2,0.5,10,3
1913,1,0,912,1101,501,3,2,0.5,10,3
1914,1,0,913,1101,501,3,2,0.5,10,3
1915,1,0,914,1101,501,3,2,0.5,10,3
1916,1,0,915,1101,501,3,2,0.5,10,3
1917,1,0,916,1101,501,3,2,0.5,10,3
1918,1,0,917,1101,501,3,2,0.5,10,3
1919,1,0,918,1101,501,3,2,0.5,10,3
1920,1,0,919,1101,501,3,2,0.5,10,3
1921,1,0,920,1101,501,3,2,0.5,10,3
1922,1,0,921,1101,501,3,2,0.5,10,3
1923,1,0,922,1101,501,3,2,0.5,10,3
1924,1,0,923,1101,501,3,2,0.5,10,3
1925,1,0,924,1101,501,3,2,0.5,10,3
1926,1,0,925,1101,501,3,2,0.5,10,3
1927,1,0,926,1101,501,3,2,0.5,10,3
1928,1,0,927,1101,501,3,2,0.5,10,3
1929,1,0,928,1101,501,3,2,0.5,10,3
1930,1,0,929,1101,501,3,2,0.5,10,3
1931,1,0,930,1101,501,3,2,0.5,10,3
1932,1,0,931,1101,501,3,2,0.5,10,4
1933,1,0,932,1101,501,3,2,0.5,10,4
1934,1,0,933,1101,501,3,2,0.5,10,4
1935,1,0,934,1101,501,3,2,0.5,10,4
1936,1,0,935,1101,501,3,2,0.5,10,4
1937,1,0,936,1101,501,3,2,0.5,10,4
1938,1,0,937,1101,501,3,2,0.5,10,4
1939,1,0,938,1101,501,3,2,0.5,10,4
1940,1,0,939,1101,501,3,2,0.5,10,4
1941,1,0,940,1101,501,3,2,0.5,10,4
1942,1,0,941,1101,501,3,2,0.5,10,4
1943,1,0,942,1101,501,3,2,0.5,10,4
1944,1,0,943,1101,501,3,2,0.5,10,4
1945,1,0,944,1101,501,3,2,0.5,10,4
1946,1,0,945,1101,501,3,2,0.5,10,4
1947,1,0,946,1101,501,3,2,0.5,10,4
1948,1,0,947,1101,501,3,2,0.5,10,4
1949,1,0,948,1101,501,3,2,0.5,10,4
1950,1,0,949,1101,501,3,2,0.5,10,4
1951,1,0,950,1101,501,3,2,0.5,10,4
1952,1,0,951,1101,501,3,2,0.5,10,5
1953,1,0,952,1101,501,3,2,0.5,10,5
1954,1,0,953,1101,501,3,2,0.5,10,5
1955,1,0,954,1101,501,3,2,0.5,10,5
1956,1,0,955,1101,501,3,2,0.5,10,5
1957,1,0,956,1101,501,3,2,0.5,10,5
1958,1,0,957,1101,501,3,2,0.5,10,5
1959,1,0,958,1101,501,3,2,0.5,10,5
1960,1,0,959,1101,501,3,2,0.5,10,5
1961,1,0,960,1101,501,3,2,0.5,10,5
1962,1,0,961,1101,501,3,2,0.5,10,5
1963,1,0,962,1101,501,3,2,0.5,10,5
1964,1,0,963,1101,501,3,2,0.5,10,5
1965,1,0,964,1101,501,3,2,0.5,10,5
1966,1,0,965,1101,501,3,2,0.5,10,5
1967,1,0,966,1101,501,3,2,0.5,10,5
1968,1,0,967,1101,501,3,2,0.5,10,5
1969,1,0,968,1101,501,3,2,0.5,10,5
1970,1,0,969,1101,501,3,2,0.5,10,5
1971,1,0,970,1101,501,3,2,0.5,10,5
1972,1,0,971,1101,501,3,2,0.5,10,5
1973,1,0,972,1101,501,3,2,0.5,10,5
1974,1,0,973,1101,501,3,2,0.5,10,5
1975,1,0,974,1101,501,3,2,0.5,10,5
1976,1,0,975,1101,501,3,2,0.5,10,5
1977,1,0,976,1101,501,3,2,0.5,10,5
1978,1,0,977,1101,501,3,2,0.5,10,5
1979,1,0,978,1101,501,3,2,0.5,10,5
1980,1,0,979,1101,501,3,2,0.5,10,5
1981,1,0,980,1101,501,3,2,0.5,10,5
1982,1,0,981,1101,501,3,2,0.5,10,5
1983,1,0,982,1101,501,3,2,0.5,10,5
1984,1,0,983,1101,501,3,2,0.5,10,5
1985,1,0,984,1101,501,3,2,0.5,10,5
1986,1,0,985,1101,501,3,2,0.5,10,5
1987,1,0,986,1101,501,3,2,0.5,10,5
1988,1,0,987,1101,501,3,2,0.5,10,5
1989,1,0,988,1101,501,3,2,0.5,10,5
1990,1,0,989,1101,501,3,2,0.5,10,5
1991,1,0,990,1101,501,3,2,0.5,10,5
1992,1,0,991,1101,501,3,2,0.5,10,5
1993,1,0,992,1101,501,3,2,0.5,10,5
1994,1,0,993,1101,501,3,2,0.5,10,5
1995,1,0,994,1101,501,3,2,0.5,10,5
1996,1,0,995,1101,501,3,2,0.5,10,5
1997,1,0,996,1101,501,3,2,0.5,10,5
1998,1,0,997,1101,501,3,2,0.5,10,5
1999,1,0,998,1101,501,3,2,0.5,10,5
2000,1,0,999,1101,501,3,2,0.5,10,5
2001,1,0,1000,1101,501,3,2,0.5,10,5
